version,1.7.0
info,balls_per_over,6
info,team,Australia
info,team,West Indies
info,gender,male
info,season,2025
info,date,2025/06/25
info,date,2025/06/26
info,date,2025/06/27
info,event,Australia tour of West Indies
info,match_number,1
info,venue,"Kensington Oval, Bridgetown, Barbados"
info,city,Bridgetown
info,toss_winner,Australia
info,toss_decision,bat
info,player_of_match,TM Head
info,umpire,Nitin Menon
info,umpire,RA Kettleborough
info,reserve_umpire,GO Brathwaite
info,tv_umpire,AT Holdstock
info,match_referee,J Srinath
info,winner,Australia
info,winner_runs,159
info,player,Australia,S Konstas
info,player,Australia,UT Khawaja
info,player,Australia,C Green
info,player,Australia,JP Inglis
info,player,Australia,TM Head
info,player,Australia,BJ Webster
info,player,Australia,AT Carey
info,player,Australia,PJ Cummins
info,player,Australia,MA Starc
info,player,Australia,NM Lyon
info,player,Australia,JR Hazlewood
info,player,West Indies,KC Brathwaite
info,player,West Indies,JD Campbell
info,player,West Indies,KU Carty
info,player,West Indies,BA King
info,player,West Indies,JA Warrican
info,player,West Indies,RL Chase
info,player,West Indies,SD Hope
info,player,West Indies,JP Greaves
info,player,West Indies,AS Joseph
info,player,West Indies,S Joseph
info,player,West Indies,JNT Seales
info,registry,people,AS Joseph,b0946605
info,registry,people,AT Carey,69d03465
info,registry,people,AT Holdstock,6fa3258c
info,registry,people,BA King,7fca84b7
info,registry,people,BJ Webster,56b93d46
info,registry,people,C Green,eaa76d3c
info,registry,people,GO Brathwaite,1ace56d4
info,registry,people,J Srinath,bad31fac
info,registry,people,JA Warrican,cc23e91e
info,registry,people,JD Campbell,6fd0c8e1
info,registry,people,JNT Seales,ded9ff1e
info,registry,people,JP Greaves,74d12124
info,registry,people,JP Inglis,989889ff
info,registry,people,JR Hazlewood,03806cf8
info,registry,people,KC Brathwaite,7d5af2ea
info,registry,people,KU Carty,6020a3c6
info,registry,people,M Labuschagne,fa433be6
info,registry,people,MA Starc,3fb19989
info,registry,people,NM Lyon,96a6a7ad
info,registry,people,Nitin Menon,e1d41d9e
info,registry,people,PJ Cummins,ded9240e
info,registry,people,RA Kettleborough,4017868f
info,registry,people,RL Chase,3feda4fa
info,registry,people,S Joseph,97290faf
info,registry,people,S Konstas,3c34c9e1
info,registry,people,SD Hope,1fc6ef83
info,registry,people,TM Head,12b610c2
info,registry,people,UT Khawaja,331ea488
ball,1,0.1,Australia,S Konstas,UT Khawaja,JNT Seales,1,0,,,,,,"",""
ball,1,0.2,Australia,UT Khawaja,S Konstas,JNT Seales,0,0,,,,,,"",""
ball,1,0.3,Australia,UT Khawaja,S Konstas,JNT Seales,0,0,,,,,,"",""
ball,1,0.4,Australia,UT Khawaja,S Konstas,JNT Seales,1,0,,,,,,"",""
ball,1,0.5,Australia,S Konstas,UT Khawaja,JNT Seales,0,0,,,,,,"",""
ball,1,0.6,Australia,S Konstas,UT Khawaja,JNT Seales,0,0,,,,,,"",""
ball,1,1.1,Australia,UT Khawaja,S Konstas,S Joseph,0,0,,,,,,"",""
ball,1,1.2,Australia,UT Khawaja,S Konstas,S Joseph,0,0,,,,,,"",""
ball,1,1.3,Australia,UT Khawaja,S Konstas,S Joseph,0,0,,,,,,"",""
ball,1,1.4,Australia,UT Khawaja,S Konstas,S Joseph,0,1,,1,,,,"",""
ball,1,1.5,Australia,UT Khawaja,S Konstas,S Joseph,2,0,,,,,,"",""
ball,1,1.6,Australia,UT Khawaja,S Konstas,S Joseph,1,0,,,,,,"",""
ball,1,1.7,Australia,S Konstas,UT Khawaja,S Joseph,1,0,,,,,,"",""
ball,1,2.1,Australia,S Konstas,UT Khawaja,JNT Seales,0,0,,,,,,"",""
ball,1,2.2,Australia,S Konstas,UT Khawaja,JNT Seales,0,0,,,,,,"",""
ball,1,2.3,Australia,S Konstas,UT Khawaja,JNT Seales,0,0,,,,,,"",""
ball,1,2.4,Australia,S Konstas,UT Khawaja,JNT Seales,0,0,,,,,,"",""
ball,1,2.5,Australia,S Konstas,UT Khawaja,JNT Seales,0,0,,,,,,"",""
ball,1,2.6,Australia,S Konstas,UT Khawaja,JNT Seales,1,0,,,,,,"",""
ball,1,3.1,Australia,S Konstas,UT Khawaja,S Joseph,0,0,,,,,,"",""
ball,1,3.2,Australia,S Konstas,UT Khawaja,S Joseph,0,0,,,,,,"",""
ball,1,3.3,Australia,S Konstas,UT Khawaja,S Joseph,0,0,,,,,,"",""
ball,1,3.4,Australia,S Konstas,UT Khawaja,S Joseph,0,0,,,,,,lbw,S Konstas
ball,1,3.5,Australia,C Green,UT Khawaja,S Joseph,0,0,,,,,,"",""
ball,1,3.6,Australia,C Green,UT Khawaja,S Joseph,0,0,,,,,,"",""
ball,1,4.1,Australia,UT Khawaja,C Green,JNT Seales,0,0,,,,,,"",""
ball,1,4.2,Australia,UT Khawaja,C Green,JNT Seales,0,0,,,,,,"",""
ball,1,4.3,Australia,UT Khawaja,C Green,JNT Seales,0,0,,,,,,"",""
ball,1,4.4,Australia,UT Khawaja,C Green,JNT Seales,0,0,,,,,,"",""
ball,1,4.5,Australia,UT Khawaja,C Green,JNT Seales,0,0,,,,,,"",""
ball,1,4.6,Australia,UT Khawaja,C Green,JNT Seales,2,0,,,,,,"",""
ball,1,5.1,Australia,C Green,UT Khawaja,S Joseph,0,0,,,,,,"",""
ball,1,5.2,Australia,C Green,UT Khawaja,S Joseph,0,0,,,,,,"",""
ball,1,5.3,Australia,C Green,UT Khawaja,S Joseph,0,0,,,,,,"",""
ball,1,5.4,Australia,C Green,UT Khawaja,S Joseph,0,0,,,,,,"",""
ball,1,5.5,Australia,C Green,UT Khawaja,S Joseph,0,0,,,,,,"",""
ball,1,5.6,Australia,C Green,UT Khawaja,S Joseph,1,0,,,,,,"",""
ball,1,6.1,Australia,C Green,UT Khawaja,JNT Seales,0,0,,,,,,"",""
ball,1,6.2,Australia,C Green,UT Khawaja,JNT Seales,0,0,,,,,,"",""
ball,1,6.3,Australia,C Green,UT Khawaja,JNT Seales,0,0,,,,,,"",""
ball,1,6.4,Australia,C Green,UT Khawaja,JNT Seales,0,0,,,,,,"",""
ball,1,6.5,Australia,C Green,UT Khawaja,JNT Seales,0,0,,,,,,"",""
ball,1,6.6,Australia,C Green,UT Khawaja,JNT Seales,0,0,,,,,,"",""
ball,1,7.1,Australia,UT Khawaja,C Green,S Joseph,0,0,,,,,,"",""
ball,1,7.2,Australia,UT Khawaja,C Green,S Joseph,0,0,,,,,,"",""
ball,1,7.3,Australia,UT Khawaja,C Green,S Joseph,1,0,,,,,,"",""
ball,1,7.4,Australia,C Green,UT Khawaja,S Joseph,0,0,,,,,,"",""
ball,1,7.5,Australia,C Green,UT Khawaja,S Joseph,0,0,,,,,,"",""
ball,1,7.6,Australia,C Green,UT Khawaja,S Joseph,0,0,,,,,,"",""
ball,1,8.1,Australia,UT Khawaja,C Green,AS Joseph,0,0,,,,,,"",""
ball,1,8.2,Australia,UT Khawaja,C Green,AS Joseph,0,0,,,,,,"",""
ball,1,8.3,Australia,UT Khawaja,C Green,AS Joseph,0,0,,,,,,"",""
ball,1,8.4,Australia,UT Khawaja,C Green,AS Joseph,0,0,,,,,,"",""
ball,1,8.5,Australia,UT Khawaja,C Green,AS Joseph,0,0,,,,,,"",""
ball,1,8.6,Australia,UT Khawaja,C Green,AS Joseph,0,0,,,,,,"",""
ball,1,9.1,Australia,C Green,UT Khawaja,S Joseph,0,0,,,,,,"",""
ball,1,9.2,Australia,C Green,UT Khawaja,S Joseph,2,0,,,,,,"",""
ball,1,9.3,Australia,C Green,UT Khawaja,S Joseph,0,0,,,,,,"",""
ball,1,9.4,Australia,C Green,UT Khawaja,S Joseph,0,0,,,,,,caught,C Green
ball,1,9.5,Australia,JP Inglis,UT Khawaja,S Joseph,1,0,,,,,,"",""
ball,1,9.6,Australia,UT Khawaja,JP Inglis,S Joseph,2,0,,,,,,"",""
ball,1,10.1,Australia,JP Inglis,UT Khawaja,AS Joseph,0,0,,,,,,"",""
ball,1,10.2,Australia,JP Inglis,UT Khawaja,AS Joseph,0,0,,,,,,"",""
ball,1,10.3,Australia,JP Inglis,UT Khawaja,AS Joseph,0,0,,,,,,"",""
ball,1,10.4,Australia,JP Inglis,UT Khawaja,AS Joseph,0,0,,,,,,"",""
ball,1,10.5,Australia,JP Inglis,UT Khawaja,AS Joseph,0,0,,,,,,"",""
ball,1,10.6,Australia,JP Inglis,UT Khawaja,AS Joseph,2,0,,,,,,"",""
ball,1,11.1,Australia,UT Khawaja,JP Inglis,S Joseph,0,0,,,,,,"",""
ball,1,11.2,Australia,UT Khawaja,JP Inglis,S Joseph,0,0,,,,,,"",""
ball,1,11.3,Australia,UT Khawaja,JP Inglis,S Joseph,0,0,,,,,,"",""
ball,1,11.4,Australia,UT Khawaja,JP Inglis,S Joseph,0,0,,,,,,"",""
ball,1,11.5,Australia,UT Khawaja,JP Inglis,S Joseph,0,0,,,,,,"",""
ball,1,11.6,Australia,UT Khawaja,JP Inglis,S Joseph,0,0,,,,,,"",""
ball,1,12.1,Australia,JP Inglis,UT Khawaja,AS Joseph,0,0,,,,,,"",""
ball,1,12.2,Australia,JP Inglis,UT Khawaja,AS Joseph,0,0,,,,,,"",""
ball,1,12.3,Australia,JP Inglis,UT Khawaja,AS Joseph,0,0,,,,,,"",""
ball,1,12.4,Australia,JP Inglis,UT Khawaja,AS Joseph,0,0,,,,,,"",""
ball,1,12.5,Australia,JP Inglis,UT Khawaja,AS Joseph,0,0,,,,,,"",""
ball,1,12.6,Australia,JP Inglis,UT Khawaja,AS Joseph,2,0,,,,,,"",""
ball,1,13.1,Australia,UT Khawaja,JP Inglis,JNT Seales,0,0,,,,,,"",""
ball,1,13.2,Australia,UT Khawaja,JP Inglis,JNT Seales,0,0,,,,,,"",""
ball,1,13.3,Australia,UT Khawaja,JP Inglis,JNT Seales,0,0,,,,,,"",""
ball,1,13.4,Australia,UT Khawaja,JP Inglis,JNT Seales,0,0,,,,,,"",""
ball,1,13.5,Australia,UT Khawaja,JP Inglis,JNT Seales,1,0,,,,,,"",""
ball,1,13.6,Australia,JP Inglis,UT Khawaja,JNT Seales,0,0,,,,,,"",""
ball,1,14.1,Australia,UT Khawaja,JP Inglis,AS Joseph,0,0,,,,,,"",""
ball,1,14.2,Australia,UT Khawaja,JP Inglis,AS Joseph,0,0,,,,,,"",""
ball,1,14.3,Australia,UT Khawaja,JP Inglis,AS Joseph,0,0,,,,,,"",""
ball,1,14.4,Australia,UT Khawaja,JP Inglis,AS Joseph,0,0,,,,,,"",""
ball,1,14.5,Australia,UT Khawaja,JP Inglis,AS Joseph,0,0,,,,,,"",""
ball,1,14.6,Australia,UT Khawaja,JP Inglis,AS Joseph,0,0,,,,,,"",""
ball,1,15.1,Australia,JP Inglis,UT Khawaja,JNT Seales,0,0,,,,,,caught,JP Inglis
ball,1,15.2,Australia,TM Head,UT Khawaja,JNT Seales,0,0,,,,,,"",""
ball,1,15.3,Australia,TM Head,UT Khawaja,JNT Seales,0,0,,,,,,"",""
ball,1,15.4,Australia,TM Head,UT Khawaja,JNT Seales,0,0,,,,,,"",""
ball,1,15.5,Australia,TM Head,UT Khawaja,JNT Seales,0,0,,,,,,"",""
ball,1,15.6,Australia,TM Head,UT Khawaja,JNT Seales,4,0,,,,,,"",""
ball,1,16.1,Australia,UT Khawaja,TM Head,AS Joseph,2,0,,,,,,"",""
ball,1,16.2,Australia,UT Khawaja,TM Head,AS Joseph,2,0,,,,,,"",""
ball,1,16.3,Australia,UT Khawaja,TM Head,AS Joseph,6,0,,,,,,"",""
ball,1,16.4,Australia,UT Khawaja,TM Head,AS Joseph,0,0,,,,,,"",""
ball,1,16.5,Australia,UT Khawaja,TM Head,AS Joseph,0,0,,,,,,"",""
ball,1,16.6,Australia,UT Khawaja,TM Head,AS Joseph,1,0,,,,,,"",""
ball,1,17.1,Australia,UT Khawaja,TM Head,JNT Seales,0,0,,,,,,"",""
ball,1,17.2,Australia,UT Khawaja,TM Head,JNT Seales,4,0,,,,,,"",""
ball,1,17.3,Australia,UT Khawaja,TM Head,JNT Seales,2,0,,,,,,"",""
ball,1,17.4,Australia,UT Khawaja,TM Head,JNT Seales,0,0,,,,,,"",""
ball,1,17.5,Australia,UT Khawaja,TM Head,JNT Seales,0,0,,,,,,"",""
ball,1,17.6,Australia,UT Khawaja,TM Head,JNT Seales,4,0,,,,,,"",""
ball,1,18.1,Australia,TM Head,UT Khawaja,AS Joseph,0,0,,,,,,"",""
ball,1,18.2,Australia,TM Head,UT Khawaja,AS Joseph,0,0,,,,,,"",""
ball,1,18.3,Australia,TM Head,UT Khawaja,AS Joseph,0,0,,,,,,"",""
ball,1,18.4,Australia,TM Head,UT Khawaja,AS Joseph,4,0,,,,,,"",""
ball,1,18.5,Australia,TM Head,UT Khawaja,AS Joseph,1,0,,,,,,"",""
ball,1,18.6,Australia,UT Khawaja,TM Head,AS Joseph,0,0,,,,,,"",""
ball,1,19.1,Australia,TM Head,UT Khawaja,S Joseph,0,0,,,,,,"",""
ball,1,19.2,Australia,TM Head,UT Khawaja,S Joseph,0,0,,,,,,"",""
ball,1,19.3,Australia,TM Head,UT Khawaja,S Joseph,0,0,,,,,,"",""
ball,1,19.4,Australia,TM Head,UT Khawaja,S Joseph,1,0,,,,,,"",""
ball,1,19.5,Australia,UT Khawaja,TM Head,S Joseph,0,0,,,,,,"",""
ball,1,19.6,Australia,UT Khawaja,TM Head,S Joseph,0,0,,,,,,"",""
ball,1,20.1,Australia,TM Head,UT Khawaja,RL Chase,0,0,,,,,,"",""
ball,1,20.2,Australia,TM Head,UT Khawaja,RL Chase,0,0,,,,,,"",""
ball,1,20.3,Australia,TM Head,UT Khawaja,RL Chase,1,0,,,,,,"",""
ball,1,20.4,Australia,UT Khawaja,TM Head,RL Chase,0,0,,,,,,"",""
ball,1,20.5,Australia,UT Khawaja,TM Head,RL Chase,0,0,,,,,,"",""
ball,1,20.6,Australia,UT Khawaja,TM Head,RL Chase,0,0,,,,,,"",""
ball,1,21.1,Australia,TM Head,UT Khawaja,S Joseph,4,0,,,,,,"",""
ball,1,21.2,Australia,TM Head,UT Khawaja,S Joseph,1,0,,,,,,"",""
ball,1,21.3,Australia,UT Khawaja,TM Head,S Joseph,0,0,,,,,,"",""
ball,1,21.4,Australia,UT Khawaja,TM Head,S Joseph,0,0,,,,,,"",""
ball,1,21.5,Australia,UT Khawaja,TM Head,S Joseph,0,0,,,,,,"",""
ball,1,21.6,Australia,UT Khawaja,TM Head,S Joseph,0,0,,,,,,"",""
ball,1,22.1,Australia,TM Head,UT Khawaja,RL Chase,0,0,,,,,,"",""
ball,1,22.2,Australia,TM Head,UT Khawaja,RL Chase,0,0,,,,,,"",""
ball,1,22.3,Australia,TM Head,UT Khawaja,RL Chase,1,0,,,,,,"",""
ball,1,22.4,Australia,UT Khawaja,TM Head,RL Chase,0,0,,,,,,"",""
ball,1,22.5,Australia,UT Khawaja,TM Head,RL Chase,1,0,,,,,,"",""
ball,1,22.6,Australia,TM Head,UT Khawaja,RL Chase,0,0,,,,,,"",""
ball,1,23.1,Australia,UT Khawaja,TM Head,JP Greaves,0,0,,,,,,"",""
ball,1,23.2,Australia,UT Khawaja,TM Head,JP Greaves,0,0,,,,,,"",""
ball,1,23.3,Australia,UT Khawaja,TM Head,JP Greaves,0,0,,,,,,"",""
ball,1,23.4,Australia,UT Khawaja,TM Head,JP Greaves,0,0,,,,,,"",""
ball,1,23.5,Australia,UT Khawaja,TM Head,JP Greaves,0,0,,,,,,"",""
ball,1,23.6,Australia,UT Khawaja,TM Head,JP Greaves,0,0,,,,,,"",""
ball,1,24.1,Australia,TM Head,UT Khawaja,RL Chase,0,0,,,,,,"",""
ball,1,24.2,Australia,TM Head,UT Khawaja,RL Chase,0,0,,,,,,"",""
ball,1,24.3,Australia,TM Head,UT Khawaja,RL Chase,0,0,,,,,,"",""
ball,1,24.4,Australia,TM Head,UT Khawaja,RL Chase,0,0,,,,,,"",""
ball,1,24.5,Australia,TM Head,UT Khawaja,RL Chase,0,0,,,,,,"",""
ball,1,24.6,Australia,TM Head,UT Khawaja,RL Chase,4,0,,,,,,"",""
ball,1,25.1,Australia,UT Khawaja,TM Head,JP Greaves,4,0,,,,,,"",""
ball,1,25.2,Australia,UT Khawaja,TM Head,JP Greaves,0,0,,,,,,"",""
ball,1,25.3,Australia,UT Khawaja,TM Head,JP Greaves,0,0,,,,,,"",""
ball,1,25.4,Australia,UT Khawaja,TM Head,JP Greaves,0,0,,,,,,"",""
ball,1,25.5,Australia,UT Khawaja,TM Head,JP Greaves,0,0,,,,,,"",""
ball,1,25.6,Australia,UT Khawaja,TM Head,JP Greaves,0,0,,,,,,"",""
ball,1,26.1,Australia,TM Head,UT Khawaja,AS Joseph,0,0,,,,,,"",""
ball,1,26.2,Australia,TM Head,UT Khawaja,AS Joseph,0,0,,,,,,"",""
ball,1,26.3,Australia,TM Head,UT Khawaja,AS Joseph,4,0,,,,,,"",""
ball,1,26.4,Australia,TM Head,UT Khawaja,AS Joseph,1,0,,,,,,"",""
ball,1,26.5,Australia,UT Khawaja,TM Head,AS Joseph,0,0,,,,,,"",""
ball,1,26.6,Australia,UT Khawaja,TM Head,AS Joseph,0,0,,,,,,"",""
ball,1,27.1,Australia,TM Head,UT Khawaja,JP Greaves,0,1,,,,1,,"",""
ball,1,27.2,Australia,UT Khawaja,TM Head,JP Greaves,0,0,,,,,,"",""
ball,1,27.3,Australia,UT Khawaja,TM Head,JP Greaves,0,0,,,,,,"",""
ball,1,27.4,Australia,UT Khawaja,TM Head,JP Greaves,0,0,,,,,,"",""
ball,1,27.5,Australia,UT Khawaja,TM Head,JP Greaves,0,0,,,,,,"",""
ball,1,27.6,Australia,UT Khawaja,TM Head,JP Greaves,1,0,,,,,,"",""
ball,1,28.1,Australia,UT Khawaja,TM Head,AS Joseph,0,0,,,,,,"",""
ball,1,28.2,Australia,UT Khawaja,TM Head,AS Joseph,0,0,,,,,,"",""
ball,1,28.3,Australia,UT Khawaja,TM Head,AS Joseph,0,0,,,,,,"",""
ball,1,28.4,Australia,UT Khawaja,TM Head,AS Joseph,4,0,,,,,,"",""
ball,1,28.5,Australia,UT Khawaja,TM Head,AS Joseph,0,0,,,,,,"",""
ball,1,28.6,Australia,UT Khawaja,TM Head,AS Joseph,0,0,,,,,,"",""
ball,1,29.1,Australia,TM Head,UT Khawaja,JP Greaves,4,0,,,,,,"",""
ball,1,29.2,Australia,TM Head,UT Khawaja,JP Greaves,0,0,,,,,,"",""
ball,1,29.3,Australia,TM Head,UT Khawaja,JP Greaves,0,0,,,,,,"",""
ball,1,29.4,Australia,TM Head,UT Khawaja,JP Greaves,0,0,,,,,,"",""
ball,1,29.5,Australia,TM Head,UT Khawaja,JP Greaves,0,0,,,,,,"",""
ball,1,29.6,Australia,TM Head,UT Khawaja,JP Greaves,2,0,,,,,,"",""
ball,1,30.1,Australia,UT Khawaja,TM Head,AS Joseph,0,0,,,,,,"",""
ball,1,30.2,Australia,UT Khawaja,TM Head,AS Joseph,0,0,,,,,,"",""
ball,1,30.3,Australia,UT Khawaja,TM Head,AS Joseph,0,0,,,,,,"",""
ball,1,30.4,Australia,UT Khawaja,TM Head,AS Joseph,0,0,,,,,,"",""
ball,1,30.5,Australia,UT Khawaja,TM Head,AS Joseph,0,0,,,,,,"",""
ball,1,30.6,Australia,UT Khawaja,TM Head,AS Joseph,0,0,,,,,,"",""
ball,1,31.1,Australia,TM Head,UT Khawaja,JP Greaves,0,0,,,,,,"",""
ball,1,31.2,Australia,TM Head,UT Khawaja,JP Greaves,0,0,,,,,,"",""
ball,1,31.3,Australia,TM Head,UT Khawaja,JP Greaves,0,0,,,,,,"",""
ball,1,31.4,Australia,TM Head,UT Khawaja,JP Greaves,4,0,,,,,,"",""
ball,1,31.5,Australia,TM Head,UT Khawaja,JP Greaves,1,0,,,,,,"",""
ball,1,31.6,Australia,UT Khawaja,TM Head,JP Greaves,0,0,,,,,,"",""
ball,1,32.1,Australia,TM Head,UT Khawaja,JNT Seales,1,0,,,,,,"",""
ball,1,32.2,Australia,UT Khawaja,TM Head,JNT Seales,0,0,,,,,,"",""
ball,1,32.3,Australia,UT Khawaja,TM Head,JNT Seales,0,0,,,,,,"",""
ball,1,32.4,Australia,UT Khawaja,TM Head,JNT Seales,0,0,,,,,,"",""
ball,1,32.5,Australia,UT Khawaja,TM Head,JNT Seales,2,0,,,,,,"",""
ball,1,32.6,Australia,UT Khawaja,TM Head,JNT Seales,0,0,,,,,,"",""
ball,1,33.1,Australia,TM Head,UT Khawaja,JP Greaves,4,0,,,,,,"",""
ball,1,33.2,Australia,TM Head,UT Khawaja,JP Greaves,1,0,,,,,,"",""
ball,1,33.3,Australia,UT Khawaja,TM Head,JP Greaves,0,0,,,,,,"",""
ball,1,33.4,Australia,UT Khawaja,TM Head,JP Greaves,0,0,,,,,,"",""
ball,1,33.5,Australia,UT Khawaja,TM Head,JP Greaves,0,0,,,,,,"",""
ball,1,33.6,Australia,UT Khawaja,TM Head,JP Greaves,0,0,,,,,,"",""
ball,1,34.1,Australia,TM Head,UT Khawaja,JNT Seales,1,0,,,,,,"",""
ball,1,34.2,Australia,UT Khawaja,TM Head,JNT Seales,0,0,,,,,,"",""
ball,1,34.3,Australia,UT Khawaja,TM Head,JNT Seales,0,0,,,,,,"",""
ball,1,34.4,Australia,UT Khawaja,TM Head,JNT Seales,1,0,,,,,,"",""
ball,1,34.5,Australia,TM Head,UT Khawaja,JNT Seales,1,0,,,,,,"",""
ball,1,34.6,Australia,UT Khawaja,TM Head,JNT Seales,0,0,,,,,,"",""
ball,1,35.1,Australia,TM Head,UT Khawaja,JP Greaves,0,0,,,,,,"",""
ball,1,35.2,Australia,TM Head,UT Khawaja,JP Greaves,2,0,,,,,,"",""
ball,1,35.3,Australia,TM Head,UT Khawaja,JP Greaves,0,0,,,,,,"",""
ball,1,35.4,Australia,TM Head,UT Khawaja,JP Greaves,1,0,,,,,,"",""
ball,1,35.5,Australia,UT Khawaja,TM Head,JP Greaves,1,0,,,,,,"",""
ball,1,35.6,Australia,TM Head,UT Khawaja,JP Greaves,0,0,,,,,,"",""
ball,1,36.1,Australia,UT Khawaja,TM Head,JNT Seales,0,0,,,,,,"",""
ball,1,36.2,Australia,UT Khawaja,TM Head,JNT Seales,1,0,,,,,,"",""
ball,1,36.3,Australia,TM Head,UT Khawaja,JNT Seales,1,0,,,,,,"",""
ball,1,36.4,Australia,UT Khawaja,TM Head,JNT Seales,0,0,,,,,,"",""
ball,1,36.5,Australia,UT Khawaja,TM Head,JNT Seales,0,0,,,,,,"",""
ball,1,36.6,Australia,UT Khawaja,TM Head,JNT Seales,0,0,,,,,,"",""
ball,1,37.1,Australia,TM Head,UT Khawaja,S Joseph,1,0,,,,,,"",""
ball,1,37.2,Australia,UT Khawaja,TM Head,S Joseph,0,0,,,,,,"",""
ball,1,37.3,Australia,UT Khawaja,TM Head,S Joseph,0,0,,,,,,"",""
ball,1,37.4,Australia,UT Khawaja,TM Head,S Joseph,0,0,,,,,,"",""
ball,1,37.5,Australia,UT Khawaja,TM Head,S Joseph,0,0,,,,,,"",""
ball,1,37.6,Australia,UT Khawaja,TM Head,S Joseph,0,0,,,,,,"",""
ball,1,38.1,Australia,TM Head,UT Khawaja,RL Chase,0,0,,,,,,"",""
ball,1,38.2,Australia,TM Head,UT Khawaja,RL Chase,1,0,,,,,,"",""
ball,1,38.3,Australia,UT Khawaja,TM Head,RL Chase,0,0,,,,,,"",""
ball,1,38.4,Australia,UT Khawaja,TM Head,RL Chase,1,0,,,,,,"",""
ball,1,38.5,Australia,TM Head,UT Khawaja,RL Chase,0,0,,,,,,"",""
ball,1,38.6,Australia,TM Head,UT Khawaja,RL Chase,0,0,,,,,,"",""
ball,1,39.1,Australia,UT Khawaja,TM Head,S Joseph,0,0,,,,,,"",""
ball,1,39.2,Australia,UT Khawaja,TM Head,S Joseph,0,0,,,,,,"",""
ball,1,39.3,Australia,UT Khawaja,TM Head,S Joseph,0,0,,,,,,"",""
ball,1,39.4,Australia,UT Khawaja,TM Head,S Joseph,0,0,,,,,,caught,UT Khawaja
ball,1,39.5,Australia,BJ Webster,TM Head,S Joseph,0,0,,,,,,"",""
ball,1,39.6,Australia,BJ Webster,TM Head,S Joseph,1,0,,,,,,"",""
ball,1,40.1,Australia,BJ Webster,TM Head,AS Joseph,0,0,,,,,,"",""
ball,1,40.2,Australia,BJ Webster,TM Head,AS Joseph,0,0,,,,,,"",""
ball,1,40.3,Australia,BJ Webster,TM Head,AS Joseph,0,0,,,,,,"",""
ball,1,40.4,Australia,BJ Webster,TM Head,AS Joseph,0,0,,,,,,"",""
ball,1,40.5,Australia,BJ Webster,TM Head,AS Joseph,0,0,,,,,,"",""
ball,1,40.6,Australia,BJ Webster,TM Head,AS Joseph,1,0,,,,,,"",""
ball,1,41.1,Australia,BJ Webster,TM Head,S Joseph,0,0,,,,,,"",""
ball,1,41.2,Australia,BJ Webster,TM Head,S Joseph,0,0,,,,,,"",""
ball,1,41.3,Australia,BJ Webster,TM Head,S Joseph,0,0,,,,,,"",""
ball,1,41.4,Australia,BJ Webster,TM Head,S Joseph,0,0,,,,,,"",""
ball,1,41.5,Australia,BJ Webster,TM Head,S Joseph,0,0,,,,,,"",""
ball,1,41.6,Australia,BJ Webster,TM Head,S Joseph,1,0,,,,,,"",""
ball,1,42.1,Australia,BJ Webster,TM Head,AS Joseph,1,0,,,,,,"",""
ball,1,42.2,Australia,TM Head,BJ Webster,AS Joseph,1,0,,,,,,"",""
ball,1,42.3,Australia,BJ Webster,TM Head,AS Joseph,0,0,,,,,,"",""
ball,1,42.4,Australia,BJ Webster,TM Head,AS Joseph,0,0,,,,,,"",""
ball,1,42.5,Australia,BJ Webster,TM Head,AS Joseph,3,0,,,,,,"",""
ball,1,42.6,Australia,TM Head,BJ Webster,AS Joseph,0,0,,,,,,"",""
ball,1,43.1,Australia,BJ Webster,TM Head,S Joseph,0,0,,,,,,"",""
ball,1,43.2,Australia,BJ Webster,TM Head,S Joseph,0,0,,,,,,"",""
ball,1,43.3,Australia,BJ Webster,TM Head,S Joseph,0,0,,,,,,"",""
ball,1,43.4,Australia,BJ Webster,TM Head,S Joseph,0,0,,,,,,"",""
ball,1,43.5,Australia,BJ Webster,TM Head,S Joseph,4,0,,,,,,"",""
ball,1,43.6,Australia,BJ Webster,TM Head,S Joseph,0,0,,,,,,bowled,BJ Webster
ball,1,44.1,Australia,TM Head,AT Carey,AS Joseph,0,0,,,,,,"",""
ball,1,44.2,Australia,TM Head,AT Carey,AS Joseph,0,0,,,,,,"",""
ball,1,44.3,Australia,TM Head,AT Carey,AS Joseph,0,0,,,,,,"",""
ball,1,44.4,Australia,TM Head,AT Carey,AS Joseph,1,0,,,,,,"",""
ball,1,44.5,Australia,AT Carey,TM Head,AS Joseph,1,0,,,,,,"",""
ball,1,44.6,Australia,TM Head,AT Carey,AS Joseph,0,0,,,,,,"",""
ball,1,45.1,Australia,AT Carey,TM Head,S Joseph,1,0,,,,,,"",""
ball,1,45.2,Australia,TM Head,AT Carey,S Joseph,0,0,,,,,,"",""
ball,1,45.3,Australia,TM Head,AT Carey,S Joseph,0,0,,,,,,"",""
ball,1,45.4,Australia,TM Head,AT Carey,S Joseph,0,0,,,,,,"",""
ball,1,45.5,Australia,TM Head,AT Carey,S Joseph,4,0,,,,,,"",""
ball,1,45.6,Australia,TM Head,AT Carey,S Joseph,0,0,,,,,,"",""
ball,1,46.1,Australia,AT Carey,TM Head,JNT Seales,4,0,,,,,,"",""
ball,1,46.2,Australia,AT Carey,TM Head,JNT Seales,0,0,,,,,,"",""
ball,1,46.3,Australia,AT Carey,TM Head,JNT Seales,0,0,,,,,,"",""
ball,1,46.4,Australia,AT Carey,TM Head,JNT Seales,0,0,,,,,,"",""
ball,1,46.5,Australia,AT Carey,TM Head,JNT Seales,0,0,,,,,,"",""
ball,1,46.6,Australia,AT Carey,TM Head,JNT Seales,2,0,,,,,,"",""
ball,1,47.1,Australia,TM Head,AT Carey,JP Greaves,0,0,,,,,,"",""
ball,1,47.2,Australia,TM Head,AT Carey,JP Greaves,1,0,,,,,,"",""
ball,1,47.3,Australia,AT Carey,TM Head,JP Greaves,0,0,,,,,,"",""
ball,1,47.4,Australia,AT Carey,TM Head,JP Greaves,0,0,,,,,,"",""
ball,1,47.5,Australia,AT Carey,TM Head,JP Greaves,0,0,,,,,,"",""
ball,1,47.6,Australia,AT Carey,TM Head,JP Greaves,0,0,,,,,,"",""
ball,1,48.1,Australia,TM Head,AT Carey,JNT Seales,1,0,,,,,,"",""
ball,1,48.2,Australia,AT Carey,TM Head,JNT Seales,0,0,,,,,,"",""
ball,1,48.3,Australia,AT Carey,TM Head,JNT Seales,0,0,,,,,,"",""
ball,1,48.4,Australia,AT Carey,TM Head,JNT Seales,0,0,,,,,,caught,AT Carey
ball,1,48.5,Australia,PJ Cummins,TM Head,JNT Seales,0,0,,,,,,"",""
ball,1,48.6,Australia,PJ Cummins,TM Head,JNT Seales,4,0,,,,,,"",""
ball,1,49.1,Australia,TM Head,PJ Cummins,JP Greaves,0,0,,,,,,"",""
ball,1,49.2,Australia,TM Head,PJ Cummins,JP Greaves,0,0,,,,,,caught,TM Head
ball,1,49.3,Australia,MA Starc,PJ Cummins,JP Greaves,0,0,,,,,,"",""
ball,1,49.4,Australia,MA Starc,PJ Cummins,JP Greaves,0,0,,,,,,"",""
ball,1,49.5,Australia,MA Starc,PJ Cummins,JP Greaves,0,0,,,,,,"",""
ball,1,49.6,Australia,MA Starc,PJ Cummins,JP Greaves,0,0,,,,,,"",""
ball,1,50.1,Australia,PJ Cummins,MA Starc,JNT Seales,1,0,,,,,,"",""
ball,1,50.2,Australia,MA Starc,PJ Cummins,JNT Seales,0,0,,,,,,caught,MA Starc
ball,1,50.3,Australia,NM Lyon,PJ Cummins,JNT Seales,0,0,,,,,,"",""
ball,1,50.4,Australia,NM Lyon,PJ Cummins,JNT Seales,0,0,,,,,,"",""
ball,1,50.5,Australia,NM Lyon,PJ Cummins,JNT Seales,0,0,,,,,,"",""
ball,1,50.6,Australia,NM Lyon,PJ Cummins,JNT Seales,2,0,,,,,,"",""
ball,1,51.1,Australia,PJ Cummins,NM Lyon,S Joseph,0,0,,,,,,"",""
ball,1,51.2,Australia,PJ Cummins,NM Lyon,S Joseph,2,0,,,,,,"",""
ball,1,51.3,Australia,PJ Cummins,NM Lyon,S Joseph,2,0,,,,,,"",""
ball,1,51.4,Australia,PJ Cummins,NM Lyon,S Joseph,2,0,,,,,,"",""
ball,1,51.5,Australia,PJ Cummins,NM Lyon,S Joseph,4,0,,,,,,"",""
ball,1,51.6,Australia,PJ Cummins,NM Lyon,S Joseph,0,1,,,,1,,"",""
ball,1,52.1,Australia,PJ Cummins,NM Lyon,JNT Seales,1,0,,,,,,"",""
ball,1,52.2,Australia,NM Lyon,PJ Cummins,JNT Seales,1,0,,,,,,"",""
ball,1,52.3,Australia,PJ Cummins,NM Lyon,JNT Seales,4,0,,,,,,"",""
ball,1,52.4,Australia,PJ Cummins,NM Lyon,JNT Seales,2,0,,,,,,"",""
ball,1,52.5,Australia,PJ Cummins,NM Lyon,JNT Seales,6,0,,,,,,"",""
ball,1,52.6,Australia,PJ Cummins,NM Lyon,JNT Seales,0,0,,,,,,"",""
ball,1,53.1,Australia,NM Lyon,PJ Cummins,S Joseph,0,0,,,,,,"",""
ball,1,53.2,Australia,NM Lyon,PJ Cummins,S Joseph,0,0,,,,,,"",""
ball,1,53.3,Australia,NM Lyon,PJ Cummins,S Joseph,0,0,,,,,,"",""
ball,1,53.4,Australia,NM Lyon,PJ Cummins,S Joseph,0,0,,,,,,"",""
ball,1,53.5,Australia,NM Lyon,PJ Cummins,S Joseph,0,0,,,,,,"",""
ball,1,53.6,Australia,NM Lyon,PJ Cummins,S Joseph,0,0,,,,,,"",""
ball,1,54.1,Australia,PJ Cummins,NM Lyon,JNT Seales,0,0,,,,,,"",""
ball,1,54.2,Australia,PJ Cummins,NM Lyon,JNT Seales,0,0,,,,,,"",""
ball,1,54.3,Australia,PJ Cummins,NM Lyon,JNT Seales,0,0,,,,,,"",""
ball,1,54.4,Australia,PJ Cummins,NM Lyon,JNT Seales,0,0,,,,,,caught,PJ Cummins
ball,1,54.5,Australia,JR Hazlewood,NM Lyon,JNT Seales,2,0,,,,,,"",""
ball,1,54.6,Australia,JR Hazlewood,NM Lyon,JNT Seales,0,0,,,,,,"",""
ball,1,55.1,Australia,NM Lyon,JR Hazlewood,S Joseph,0,0,,,,,,"",""
ball,1,55.2,Australia,NM Lyon,JR Hazlewood,S Joseph,2,0,,,,,,"",""
ball,1,55.3,Australia,NM Lyon,JR Hazlewood,S Joseph,0,0,,,,,,"",""
ball,1,55.4,Australia,NM Lyon,JR Hazlewood,S Joseph,4,0,,,,,,"",""
ball,1,55.5,Australia,NM Lyon,JR Hazlewood,S Joseph,0,0,,,,,,"",""
ball,1,55.6,Australia,NM Lyon,JR Hazlewood,S Joseph,0,0,,,,,,"",""
ball,1,56.1,Australia,JR Hazlewood,NM Lyon,JNT Seales,0,0,,,,,,"",""
ball,1,56.2,Australia,JR Hazlewood,NM Lyon,JNT Seales,0,0,,,,,,"",""
ball,1,56.3,Australia,JR Hazlewood,NM Lyon,JNT Seales,0,0,,,,,,"",""
ball,1,56.4,Australia,JR Hazlewood,NM Lyon,JNT Seales,2,0,,,,,,"",""
ball,1,56.5,Australia,JR Hazlewood,NM Lyon,JNT Seales,0,0,,,,,,caught,JR Hazlewood
ball,2,0.1,West Indies,KC Brathwaite,JD Campbell,MA Starc,0,0,,,,,,"",""
ball,2,0.2,West Indies,KC Brathwaite,JD Campbell,MA Starc,1,0,,,,,,"",""
ball,2,0.3,West Indies,JD Campbell,KC Brathwaite,MA Starc,0,0,,,,,,"",""
ball,2,0.4,West Indies,JD Campbell,KC Brathwaite,MA Starc,0,0,,,,,,"",""
ball,2,0.5,West Indies,JD Campbell,KC Brathwaite,MA Starc,4,0,,,,,,"",""
ball,2,0.6,West Indies,JD Campbell,KC Brathwaite,MA Starc,1,0,,,,,,"",""
ball,2,1.1,West Indies,JD Campbell,KC Brathwaite,JR Hazlewood,0,0,,,,,,"",""
ball,2,1.2,West Indies,JD Campbell,KC Brathwaite,JR Hazlewood,1,0,,,,,,"",""
ball,2,1.3,West Indies,KC Brathwaite,JD Campbell,JR Hazlewood,0,0,,,,,,"",""
ball,2,1.4,West Indies,KC Brathwaite,JD Campbell,JR Hazlewood,0,0,,,,,,"",""
ball,2,1.5,West Indies,KC Brathwaite,JD Campbell,JR Hazlewood,0,0,,,,,,"",""
ball,2,1.6,West Indies,KC Brathwaite,JD Campbell,JR Hazlewood,0,0,,,,,,"",""
ball,2,2.1,West Indies,JD Campbell,KC Brathwaite,MA Starc,0,0,,,,,,"",""
ball,2,2.2,West Indies,JD Campbell,KC Brathwaite,MA Starc,0,0,,,,,,"",""
ball,2,2.3,West Indies,JD Campbell,KC Brathwaite,MA Starc,0,0,,,,,,"",""
ball,2,2.4,West Indies,JD Campbell,KC Brathwaite,MA Starc,0,0,,,,,,"",""
ball,2,2.5,West Indies,JD Campbell,KC Brathwaite,MA Starc,0,0,,,,,,"",""
ball,2,2.6,West Indies,JD Campbell,KC Brathwaite,MA Starc,0,0,,,,,,"",""
ball,2,3.1,West Indies,KC Brathwaite,JD Campbell,JR Hazlewood,0,0,,,,,,"",""
ball,2,3.2,West Indies,KC Brathwaite,JD Campbell,JR Hazlewood,0,0,,,,,,"",""
ball,2,3.3,West Indies,KC Brathwaite,JD Campbell,JR Hazlewood,0,0,,,,,,"",""
ball,2,3.4,West Indies,KC Brathwaite,JD Campbell,JR Hazlewood,0,0,,,,,,"",""
ball,2,3.5,West Indies,KC Brathwaite,JD Campbell,JR Hazlewood,0,0,,,,,,"",""
ball,2,3.6,West Indies,KC Brathwaite,JD Campbell,JR Hazlewood,1,0,,,,,,"",""
ball,2,4.1,West Indies,KC Brathwaite,JD Campbell,MA Starc,2,0,,,,,,"",""
ball,2,4.2,West Indies,KC Brathwaite,JD Campbell,MA Starc,0,0,,,,,,"",""
ball,2,4.3,West Indies,KC Brathwaite,JD Campbell,MA Starc,0,0,,,,,,caught,KC Brathwaite
ball,2,4.4,West Indies,KU Carty,JD Campbell,MA Starc,0,0,,,,,,"",""
ball,2,4.5,West Indies,KU Carty,JD Campbell,MA Starc,0,1,1,,,,,"",""
ball,2,4.6,West Indies,KU Carty,JD Campbell,MA Starc,4,0,,,,,,"",""
ball,2,4.7,West Indies,KU Carty,JD Campbell,MA Starc,0,0,,,,,,"",""
ball,2,5.1,West Indies,JD Campbell,KU Carty,JR Hazlewood,0,0,,,,,,"",""
ball,2,5.2,West Indies,JD Campbell,KU Carty,JR Hazlewood,0,0,,,,,,"",""
ball,2,5.3,West Indies,JD Campbell,KU Carty,JR Hazlewood,0,0,,,,,,"",""
ball,2,5.4,West Indies,JD Campbell,KU Carty,JR Hazlewood,0,0,,,,,,"",""
ball,2,5.5,West Indies,JD Campbell,KU Carty,JR Hazlewood,0,0,,,,,,"",""
ball,2,5.6,West Indies,JD Campbell,KU Carty,JR Hazlewood,1,0,,,,,,"",""
ball,2,6.1,West Indies,JD Campbell,KU Carty,MA Starc,0,0,,,,,,"",""
ball,2,6.2,West Indies,JD Campbell,KU Carty,MA Starc,0,0,,,,,,"",""
ball,2,6.3,West Indies,JD Campbell,KU Carty,MA Starc,0,0,,,,,,"",""
ball,2,6.4,West Indies,JD Campbell,KU Carty,MA Starc,0,0,,,,,,caught,JD Campbell
ball,2,6.5,West Indies,BA King,KU Carty,MA Starc,4,0,,,,,,"",""
ball,2,6.6,West Indies,BA King,KU Carty,MA Starc,0,0,,,,,,"",""
ball,2,7.1,West Indies,KU Carty,BA King,JR Hazlewood,0,0,,,,,,"",""
ball,2,7.2,West Indies,KU Carty,BA King,JR Hazlewood,0,0,,,,,,"",""
ball,2,7.3,West Indies,KU Carty,BA King,JR Hazlewood,0,0,,,,,,"",""
ball,2,7.4,West Indies,KU Carty,BA King,JR Hazlewood,0,0,,,,,,"",""
ball,2,7.5,West Indies,KU Carty,BA King,JR Hazlewood,0,0,,,,,,"",""
ball,2,7.6,West Indies,KU Carty,BA King,JR Hazlewood,0,0,,,,,,"",""
ball,2,8.1,West Indies,BA King,KU Carty,MA Starc,0,0,,,,,,"",""
ball,2,8.2,West Indies,BA King,KU Carty,MA Starc,0,0,,,,,,"",""
ball,2,8.3,West Indies,BA King,KU Carty,MA Starc,0,0,,,,,,"",""
ball,2,8.4,West Indies,BA King,KU Carty,MA Starc,4,0,,,,,,"",""
ball,2,8.5,West Indies,BA King,KU Carty,MA Starc,0,0,,,,,,"",""
ball,2,8.6,West Indies,BA King,KU Carty,MA Starc,4,0,,,,,,"",""
ball,2,9.1,West Indies,KU Carty,BA King,PJ Cummins,0,0,,,,,,"",""
ball,2,9.2,West Indies,KU Carty,BA King,PJ Cummins,0,0,,,,,,"",""
ball,2,9.3,West Indies,KU Carty,BA King,PJ Cummins,0,1,,,,1,,"",""
ball,2,9.4,West Indies,BA King,KU Carty,PJ Cummins,0,0,,,,,,"",""
ball,2,9.5,West Indies,BA King,KU Carty,PJ Cummins,0,0,,,,,,"",""
ball,2,9.6,West Indies,BA King,KU Carty,PJ Cummins,0,0,,,,,,"",""
ball,2,10.1,West Indies,KU Carty,BA King,MA Starc,0,0,,,,,,"",""
ball,2,10.2,West Indies,KU Carty,BA King,MA Starc,0,0,,,,,,"",""
ball,2,10.3,West Indies,KU Carty,BA King,MA Starc,0,0,,,,,,"",""
ball,2,10.4,West Indies,KU Carty,BA King,MA Starc,2,0,,,,,,"",""
ball,2,10.5,West Indies,KU Carty,BA King,MA Starc,1,0,,,,,,"",""
ball,2,10.6,West Indies,BA King,KU Carty,MA Starc,4,0,,,,,,"",""
ball,2,11.1,West Indies,KU Carty,BA King,PJ Cummins,0,0,,,,,,"",""
ball,2,11.2,West Indies,KU Carty,BA King,PJ Cummins,0,0,,,,,,"",""
ball,2,11.3,West Indies,KU Carty,BA King,PJ Cummins,0,0,,,,,,"",""
ball,2,11.4,West Indies,KU Carty,BA King,PJ Cummins,0,0,,,,,,"",""
ball,2,11.5,West Indies,KU Carty,BA King,PJ Cummins,3,0,,,,,,"",""
ball,2,11.6,West Indies,BA King,KU Carty,PJ Cummins,0,0,,,,,,"",""
ball,2,12.1,West Indies,KU Carty,BA King,MA Starc,1,0,,,,,,"",""
ball,2,12.2,West Indies,BA King,KU Carty,MA Starc,0,0,,,,,,"",""
ball,2,12.3,West Indies,BA King,KU Carty,MA Starc,0,0,,,,,,"",""
ball,2,12.4,West Indies,BA King,KU Carty,MA Starc,1,0,,,,,,"",""
ball,2,12.5,West Indies,KU Carty,BA King,MA Starc,1,0,,,,,,"",""
ball,2,12.6,West Indies,BA King,KU Carty,MA Starc,0,0,,,,,,"",""
ball,2,13.1,West Indies,KU Carty,BA King,PJ Cummins,0,0,,,,,,"",""
ball,2,13.2,West Indies,KU Carty,BA King,PJ Cummins,0,0,,,,,,"",""
ball,2,13.3,West Indies,KU Carty,BA King,PJ Cummins,0,0,,,,,,"",""
ball,2,13.4,West Indies,KU Carty,BA King,PJ Cummins,0,0,,,,,,"",""
ball,2,13.5,West Indies,KU Carty,BA King,PJ Cummins,0,0,,,,,,"",""
ball,2,13.6,West Indies,KU Carty,BA King,PJ Cummins,0,0,,,,,,"",""
ball,2,14.1,West Indies,BA King,KU Carty,JR Hazlewood,1,0,,,,,,"",""
ball,2,14.2,West Indies,KU Carty,BA King,JR Hazlewood,2,0,,,,,,"",""
ball,2,14.3,West Indies,KU Carty,BA King,JR Hazlewood,0,0,,,,,,"",""
ball,2,14.4,West Indies,KU Carty,BA King,JR Hazlewood,0,0,,,,,,"",""
ball,2,14.5,West Indies,KU Carty,BA King,JR Hazlewood,0,0,,,,,,"",""
ball,2,14.6,West Indies,KU Carty,BA King,JR Hazlewood,4,0,,,,,,"",""
ball,2,15.1,West Indies,BA King,KU Carty,PJ Cummins,1,0,,,,,,"",""
ball,2,15.2,West Indies,KU Carty,BA King,PJ Cummins,0,0,,,,,,"",""
ball,2,15.3,West Indies,KU Carty,BA King,PJ Cummins,0,0,,,,,,"",""
ball,2,15.4,West Indies,KU Carty,BA King,PJ Cummins,2,0,,,,,,"",""
ball,2,15.5,West Indies,KU Carty,BA King,PJ Cummins,0,0,,,,,,"",""
ball,2,15.6,West Indies,KU Carty,BA King,PJ Cummins,0,0,,,,,,caught,KU Carty
ball,2,16.1,West Indies,BA King,JA Warrican,JR Hazlewood,0,0,,,,,,"",""
ball,2,16.2,West Indies,BA King,JA Warrican,JR Hazlewood,0,0,,,,,,"",""
ball,2,16.3,West Indies,BA King,JA Warrican,JR Hazlewood,1,0,,,,,,"",""
ball,2,16.4,West Indies,JA Warrican,BA King,JR Hazlewood,0,0,,,,,,"",""
ball,2,16.5,West Indies,JA Warrican,BA King,JR Hazlewood,0,0,,,,,,bowled,JA Warrican
ball,2,16.6,West Indies,RL Chase,BA King,JR Hazlewood,0,0,,,,,,"",""
ball,2,17.1,West Indies,BA King,RL Chase,PJ Cummins,0,0,,,,,,"",""
ball,2,17.2,West Indies,BA King,RL Chase,PJ Cummins,0,0,,,,,,"",""
ball,2,17.3,West Indies,BA King,RL Chase,PJ Cummins,1,0,,,,,,"",""
ball,2,17.4,West Indies,RL Chase,BA King,PJ Cummins,0,0,,,,,,"",""
ball,2,17.5,West Indies,RL Chase,BA King,PJ Cummins,0,0,,,,,,"",""
ball,2,17.6,West Indies,RL Chase,BA King,PJ Cummins,0,0,,,,,,"",""
ball,2,18.1,West Indies,BA King,RL Chase,JR Hazlewood,0,0,,,,,,"",""
ball,2,18.2,West Indies,BA King,RL Chase,JR Hazlewood,0,0,,,,,,"",""
ball,2,18.3,West Indies,BA King,RL Chase,JR Hazlewood,2,0,,,,,,"",""
ball,2,18.4,West Indies,BA King,RL Chase,JR Hazlewood,0,0,,,,,,"",""
ball,2,18.5,West Indies,BA King,RL Chase,JR Hazlewood,0,0,,,,,,"",""
ball,2,18.6,West Indies,BA King,RL Chase,JR Hazlewood,0,0,,,,,,"",""
ball,2,19.1,West Indies,RL Chase,BA King,PJ Cummins,0,0,,,,,,"",""
ball,2,19.2,West Indies,RL Chase,BA King,PJ Cummins,0,0,,,,,,"",""
ball,2,19.3,West Indies,RL Chase,BA King,PJ Cummins,0,0,,,,,,"",""
ball,2,19.4,West Indies,RL Chase,BA King,PJ Cummins,0,0,,,,,,"",""
ball,2,19.5,West Indies,RL Chase,BA King,PJ Cummins,0,0,,,,,,"",""
ball,2,19.6,West Indies,RL Chase,BA King,PJ Cummins,1,0,,,,,,"",""
ball,2,20.1,West Indies,RL Chase,BA King,JR Hazlewood,0,0,,,,,,"",""
ball,2,20.2,West Indies,RL Chase,BA King,JR Hazlewood,0,0,,,,,,"",""
ball,2,20.3,West Indies,RL Chase,BA King,JR Hazlewood,0,0,,,,,,"",""
ball,2,20.4,West Indies,RL Chase,BA King,JR Hazlewood,0,0,,,,,,"",""
ball,2,20.5,West Indies,RL Chase,BA King,JR Hazlewood,0,0,,,,,,"",""
ball,2,20.6,West Indies,RL Chase,BA King,JR Hazlewood,1,0,,,,,,"",""
ball,2,21.1,West Indies,RL Chase,BA King,PJ Cummins,0,0,,,,,,"",""
ball,2,21.2,West Indies,RL Chase,BA King,PJ Cummins,2,0,,,,,,"",""
ball,2,21.3,West Indies,RL Chase,BA King,PJ Cummins,0,0,,,,,,"",""
ball,2,21.4,West Indies,RL Chase,BA King,PJ Cummins,1,0,,,,,,"",""
ball,2,21.5,West Indies,BA King,RL Chase,PJ Cummins,0,0,,,,,,"",""
ball,2,21.6,West Indies,BA King,RL Chase,PJ Cummins,0,0,,,,,,"",""
ball,2,22.1,West Indies,RL Chase,BA King,JR Hazlewood,0,0,,,,,,"",""
ball,2,22.2,West Indies,RL Chase,BA King,JR Hazlewood,0,0,,,,,,"",""
ball,2,22.3,West Indies,RL Chase,BA King,JR Hazlewood,0,0,,,,,,"",""
ball,2,22.4,West Indies,RL Chase,BA King,JR Hazlewood,1,0,,,,,,"",""
ball,2,22.5,West Indies,BA King,RL Chase,JR Hazlewood,0,0,,,,,,"",""
ball,2,22.6,West Indies,BA King,RL Chase,JR Hazlewood,0,0,,,,,,"",""
ball,2,23.1,West Indies,RL Chase,BA King,PJ Cummins,0,0,,,,,,"",""
ball,2,23.2,West Indies,RL Chase,BA King,PJ Cummins,0,0,,,,,,"",""
ball,2,23.3,West Indies,RL Chase,BA King,PJ Cummins,1,0,,,,,,"",""
ball,2,23.4,West Indies,BA King,RL Chase,PJ Cummins,0,0,,,,,,"",""
ball,2,23.5,West Indies,BA King,RL Chase,PJ Cummins,1,0,,,,,,"",""
ball,2,23.6,West Indies,RL Chase,BA King,PJ Cummins,1,0,,,,,,"",""
ball,2,24.1,West Indies,RL Chase,BA King,JR Hazlewood,0,0,,,,,,"",""
ball,2,24.2,West Indies,RL Chase,BA King,JR Hazlewood,1,0,,,,,,"",""
ball,2,24.3,West Indies,BA King,RL Chase,JR Hazlewood,2,0,,,,,,"",""
ball,2,24.4,West Indies,BA King,RL Chase,JR Hazlewood,0,0,,,,,,"",""
ball,2,24.5,West Indies,BA King,RL Chase,JR Hazlewood,0,0,,,,,,"",""
ball,2,24.6,West Indies,BA King,RL Chase,JR Hazlewood,0,0,,,,,,"",""
ball,2,25.1,West Indies,RL Chase,BA King,PJ Cummins,2,0,,,,,,"",""
ball,2,25.2,West Indies,RL Chase,BA King,PJ Cummins,2,0,,,,,,"",""
ball,2,25.3,West Indies,RL Chase,BA King,PJ Cummins,0,0,,,,,,"",""
ball,2,25.4,West Indies,RL Chase,BA King,PJ Cummins,0,0,,,,,,"",""
ball,2,25.5,West Indies,RL Chase,BA King,PJ Cummins,0,0,,,,,,"",""
ball,2,25.6,West Indies,RL Chase,BA King,PJ Cummins,0,0,,,,,,"",""
ball,2,26.1,West Indies,BA King,RL Chase,JR Hazlewood,0,0,,,,,,"",""
ball,2,26.2,West Indies,BA King,RL Chase,JR Hazlewood,0,0,,,,,,"",""
ball,2,26.3,West Indies,BA King,RL Chase,JR Hazlewood,0,0,,,,,,bowled,BA King
ball,2,26.4,West Indies,SD Hope,RL Chase,JR Hazlewood,0,0,,,,,,"",""
ball,2,26.5,West Indies,SD Hope,RL Chase,JR Hazlewood,1,0,,,,,,"",""
ball,2,26.6,West Indies,RL Chase,SD Hope,JR Hazlewood,0,0,,,,,,"",""
ball,2,27.1,West Indies,SD Hope,RL Chase,MA Starc,1,0,,,,,,"",""
ball,2,27.2,West Indies,RL Chase,SD Hope,MA Starc,3,0,,,,,,"",""
ball,2,27.3,West Indies,SD Hope,RL Chase,MA Starc,0,0,,,,,,"",""
ball,2,27.4,West Indies,SD Hope,RL Chase,MA Starc,4,0,,,,,,"",""
ball,2,27.5,West Indies,SD Hope,RL Chase,MA Starc,4,0,,,,,,"",""
ball,2,27.6,West Indies,SD Hope,RL Chase,MA Starc,0,0,,,,,,"",""
ball,2,28.1,West Indies,RL Chase,SD Hope,JR Hazlewood,3,0,,,,,,"",""
ball,2,28.2,West Indies,SD Hope,RL Chase,JR Hazlewood,0,0,,,,,,"",""
ball,2,28.3,West Indies,SD Hope,RL Chase,JR Hazlewood,1,0,,,,,,"",""
ball,2,28.4,West Indies,RL Chase,SD Hope,JR Hazlewood,0,0,,,,,,"",""
ball,2,28.5,West Indies,RL Chase,SD Hope,JR Hazlewood,0,0,,,,,,"",""
ball,2,28.6,West Indies,RL Chase,SD Hope,JR Hazlewood,0,0,,,,,,"",""
ball,2,29.1,West Indies,SD Hope,RL Chase,MA Starc,0,0,,,,,,"",""
ball,2,29.2,West Indies,SD Hope,RL Chase,MA Starc,0,0,,,,,,"",""
ball,2,29.3,West Indies,SD Hope,RL Chase,MA Starc,4,0,,,,,,"",""
ball,2,29.4,West Indies,SD Hope,RL Chase,MA Starc,0,0,,,,,,"",""
ball,2,29.5,West Indies,SD Hope,RL Chase,MA Starc,0,0,,,,,,"",""
ball,2,29.6,West Indies,SD Hope,RL Chase,MA Starc,0,0,,,,,,"",""
ball,2,30.1,West Indies,RL Chase,SD Hope,PJ Cummins,0,0,,,,,,"",""
ball,2,30.2,West Indies,RL Chase,SD Hope,PJ Cummins,0,0,,,,,,"",""
ball,2,30.3,West Indies,RL Chase,SD Hope,PJ Cummins,0,0,,,,,,"",""
ball,2,30.4,West Indies,RL Chase,SD Hope,PJ Cummins,0,0,,,,,,"",""
ball,2,30.5,West Indies,RL Chase,SD Hope,PJ Cummins,0,0,,,,,,"",""
ball,2,30.6,West Indies,RL Chase,SD Hope,PJ Cummins,0,0,,,,,,"",""
ball,2,31.1,West Indies,SD Hope,RL Chase,NM Lyon,1,0,,,,,,"",""
ball,2,31.2,West Indies,RL Chase,SD Hope,NM Lyon,1,0,,,,,,"",""
ball,2,31.3,West Indies,SD Hope,RL Chase,NM Lyon,0,0,,,,,,"",""
ball,2,31.4,West Indies,SD Hope,RL Chase,NM Lyon,0,0,,,,,,"",""
ball,2,31.5,West Indies,SD Hope,RL Chase,NM Lyon,0,0,,,,,,"",""
ball,2,31.6,West Indies,SD Hope,RL Chase,NM Lyon,0,0,,,,,,"",""
ball,2,32.1,West Indies,RL Chase,SD Hope,PJ Cummins,0,0,,,,,,"",""
ball,2,32.2,West Indies,RL Chase,SD Hope,PJ Cummins,0,0,,,,,,"",""
ball,2,32.3,West Indies,RL Chase,SD Hope,PJ Cummins,1,0,,,,,,"",""
ball,2,32.4,West Indies,SD Hope,RL Chase,PJ Cummins,0,0,,,,,,"",""
ball,2,32.5,West Indies,SD Hope,RL Chase,PJ Cummins,0,0,,,,,,"",""
ball,2,32.6,West Indies,SD Hope,RL Chase,PJ Cummins,0,0,,,,,,"",""
ball,2,33.1,West Indies,RL Chase,SD Hope,NM Lyon,0,0,,,,,,"",""
ball,2,33.2,West Indies,RL Chase,SD Hope,NM Lyon,0,0,,,,,,"",""
ball,2,33.3,West Indies,RL Chase,SD Hope,NM Lyon,4,0,,,,,,"",""
ball,2,33.4,West Indies,RL Chase,SD Hope,NM Lyon,2,0,,,,,,"",""
ball,2,33.5,West Indies,RL Chase,SD Hope,NM Lyon,0,0,,,,,,"",""
ball,2,33.6,West Indies,RL Chase,SD Hope,NM Lyon,0,0,,,,,,"",""
ball,2,34.1,West Indies,SD Hope,RL Chase,PJ Cummins,0,0,,,,,,"",""
ball,2,34.2,West Indies,SD Hope,RL Chase,PJ Cummins,0,0,,,,,,"",""
ball,2,34.3,West Indies,SD Hope,RL Chase,PJ Cummins,0,0,,,,,,"",""
ball,2,34.4,West Indies,SD Hope,RL Chase,PJ Cummins,0,0,,,,,,"",""
ball,2,34.5,West Indies,SD Hope,RL Chase,PJ Cummins,0,0,,,,,,"",""
ball,2,34.6,West Indies,SD Hope,RL Chase,PJ Cummins,0,0,,,,,,"",""
ball,2,35.1,West Indies,RL Chase,SD Hope,NM Lyon,0,0,,,,,,"",""
ball,2,35.2,West Indies,RL Chase,SD Hope,NM Lyon,0,0,,,,,,"",""
ball,2,35.3,West Indies,RL Chase,SD Hope,NM Lyon,1,0,,,,,,"",""
ball,2,35.4,West Indies,SD Hope,RL Chase,NM Lyon,0,0,,,,,,"",""
ball,2,35.5,West Indies,SD Hope,RL Chase,NM Lyon,0,0,,,,,,"",""
ball,2,35.6,West Indies,SD Hope,RL Chase,NM Lyon,0,0,,,,,,"",""
ball,2,36.1,West Indies,RL Chase,SD Hope,PJ Cummins,0,0,,,,,,"",""
ball,2,36.2,West Indies,RL Chase,SD Hope,PJ Cummins,0,0,,,,,,"",""
ball,2,36.3,West Indies,RL Chase,SD Hope,PJ Cummins,2,0,,,,,,"",""
ball,2,36.4,West Indies,RL Chase,SD Hope,PJ Cummins,0,0,,,,,,"",""
ball,2,36.5,West Indies,RL Chase,SD Hope,PJ Cummins,0,0,,,,,,"",""
ball,2,36.6,West Indies,RL Chase,SD Hope,PJ Cummins,0,0,,,,,,"",""
ball,2,37.1,West Indies,SD Hope,RL Chase,NM Lyon,4,0,,,,,,"",""
ball,2,37.2,West Indies,SD Hope,RL Chase,NM Lyon,1,0,,,,,,"",""
ball,2,37.3,West Indies,RL Chase,SD Hope,NM Lyon,0,0,,,,,,"",""
ball,2,37.4,West Indies,RL Chase,SD Hope,NM Lyon,6,0,,,,,,"",""
ball,2,37.5,West Indies,RL Chase,SD Hope,NM Lyon,0,0,,,,,,"",""
ball,2,37.6,West Indies,RL Chase,SD Hope,NM Lyon,1,0,,,,,,"",""
ball,2,38.1,West Indies,RL Chase,SD Hope,MA Starc,0,0,,,,,,"",""
ball,2,38.2,West Indies,RL Chase,SD Hope,MA Starc,0,0,,,,,,"",""
ball,2,38.3,West Indies,RL Chase,SD Hope,MA Starc,0,0,,,,,,"",""
ball,2,38.4,West Indies,RL Chase,SD Hope,MA Starc,0,0,,,,,,"",""
ball,2,38.5,West Indies,RL Chase,SD Hope,MA Starc,0,0,,,,,,"",""
ball,2,38.6,West Indies,RL Chase,SD Hope,MA Starc,2,0,,,,,,"",""
ball,2,39.1,West Indies,SD Hope,RL Chase,NM Lyon,1,0,,,,,,"",""
ball,2,39.2,West Indies,RL Chase,SD Hope,NM Lyon,1,0,,,,,,"",""
ball,2,39.3,West Indies,SD Hope,RL Chase,NM Lyon,0,0,,,,,,"",""
ball,2,39.4,West Indies,SD Hope,RL Chase,NM Lyon,0,0,,,,,,"",""
ball,2,39.5,West Indies,SD Hope,RL Chase,NM Lyon,4,0,,,,,,"",""
ball,2,39.6,West Indies,SD Hope,RL Chase,NM Lyon,0,0,,,,,,"",""
ball,2,40.1,West Indies,RL Chase,SD Hope,MA Starc,0,0,,,,,,"",""
ball,2,40.2,West Indies,RL Chase,SD Hope,MA Starc,0,0,,,,,,"",""
ball,2,40.3,West Indies,RL Chase,SD Hope,MA Starc,0,0,,,,,,"",""
ball,2,40.4,West Indies,RL Chase,SD Hope,MA Starc,0,0,,,,,,"",""
ball,2,40.5,West Indies,RL Chase,SD Hope,MA Starc,0,0,,,,,,"",""
ball,2,40.6,West Indies,RL Chase,SD Hope,MA Starc,1,0,,,,,,"",""
ball,2,41.1,West Indies,RL Chase,SD Hope,BJ Webster,0,0,,,,,,"",""
ball,2,41.2,West Indies,RL Chase,SD Hope,BJ Webster,0,0,,,,,,"",""
ball,2,41.3,West Indies,RL Chase,SD Hope,BJ Webster,0,1,,1,,,,"",""
ball,2,41.4,West Indies,RL Chase,SD Hope,BJ Webster,0,0,,,,,,"",""
ball,2,41.5,West Indies,RL Chase,SD Hope,BJ Webster,0,0,,,,,,"",""
ball,2,41.6,West Indies,RL Chase,SD Hope,BJ Webster,0,0,,,,,,"",""
ball,2,41.7,West Indies,RL Chase,SD Hope,BJ Webster,0,0,,,,,,"",""
ball,2,42.1,West Indies,SD Hope,RL Chase,MA Starc,0,0,,,,,,"",""
ball,2,42.2,West Indies,SD Hope,RL Chase,MA Starc,0,0,,,,,,"",""
ball,2,42.3,West Indies,SD Hope,RL Chase,MA Starc,2,0,,,,,,"",""
ball,2,42.4,West Indies,SD Hope,RL Chase,MA Starc,0,0,,,,,,"",""
ball,2,42.5,West Indies,SD Hope,RL Chase,MA Starc,0,0,,,,,,"",""
ball,2,42.6,West Indies,SD Hope,RL Chase,MA Starc,0,0,,,,,,"",""
ball,2,43.1,West Indies,RL Chase,SD Hope,BJ Webster,0,0,,,,,,"",""
ball,2,43.2,West Indies,RL Chase,SD Hope,BJ Webster,2,0,,,,,,"",""
ball,2,43.3,West Indies,RL Chase,SD Hope,BJ Webster,0,0,,,,,,"",""
ball,2,43.4,West Indies,RL Chase,SD Hope,BJ Webster,0,0,,,,,,"",""
ball,2,43.5,West Indies,RL Chase,SD Hope,BJ Webster,0,0,,,,,,"",""
ball,2,43.6,West Indies,RL Chase,SD Hope,BJ Webster,0,0,,,,,,"",""
ball,2,44.1,West Indies,SD Hope,RL Chase,MA Starc,0,0,,,,,,"",""
ball,2,44.2,West Indies,SD Hope,RL Chase,MA Starc,0,0,,,,,,"",""
ball,2,44.3,West Indies,SD Hope,RL Chase,MA Starc,0,0,,,,,,"",""
ball,2,44.4,West Indies,SD Hope,RL Chase,MA Starc,2,0,,,,,,"",""
ball,2,44.5,West Indies,SD Hope,RL Chase,MA Starc,0,0,,,,,,"",""
ball,2,44.6,West Indies,SD Hope,RL Chase,MA Starc,0,0,,,,,,"",""
ball,2,45.1,West Indies,RL Chase,SD Hope,BJ Webster,0,0,,,,,,"",""
ball,2,45.2,West Indies,RL Chase,SD Hope,BJ Webster,1,0,,,,,,"",""
ball,2,45.3,West Indies,SD Hope,RL Chase,BJ Webster,0,0,,,,,,"",""
ball,2,45.4,West Indies,SD Hope,RL Chase,BJ Webster,1,0,,,,,,"",""
ball,2,45.5,West Indies,RL Chase,SD Hope,BJ Webster,0,0,,,,,,"",""
ball,2,45.6,West Indies,RL Chase,SD Hope,BJ Webster,0,0,,,,,,"",""
ball,2,46.1,West Indies,SD Hope,RL Chase,JR Hazlewood,0,0,,,,,,"",""
ball,2,46.2,West Indies,SD Hope,RL Chase,JR Hazlewood,0,0,,,,,,"",""
ball,2,46.3,West Indies,SD Hope,RL Chase,JR Hazlewood,0,0,,,,,,"",""
ball,2,46.4,West Indies,SD Hope,RL Chase,JR Hazlewood,0,0,,,,,,"",""
ball,2,46.5,West Indies,SD Hope,RL Chase,JR Hazlewood,0,0,,,,,,"",""
ball,2,46.6,West Indies,SD Hope,RL Chase,JR Hazlewood,0,0,,,,,,"",""
ball,2,47.1,West Indies,RL Chase,SD Hope,PJ Cummins,0,0,,,,,,"",""
ball,2,47.2,West Indies,RL Chase,SD Hope,PJ Cummins,0,0,,,,,,"",""
ball,2,47.3,West Indies,RL Chase,SD Hope,PJ Cummins,0,0,,,,,,"",""
ball,2,47.4,West Indies,RL Chase,SD Hope,PJ Cummins,0,0,,,,,,"",""
ball,2,47.5,West Indies,RL Chase,SD Hope,PJ Cummins,0,0,,,,,,"",""
ball,2,47.6,West Indies,RL Chase,SD Hope,PJ Cummins,0,0,,,,,,"",""
ball,2,48.1,West Indies,SD Hope,RL Chase,JR Hazlewood,2,0,,,,,,"",""
ball,2,48.2,West Indies,SD Hope,RL Chase,JR Hazlewood,0,0,,,,,,"",""
ball,2,48.3,West Indies,SD Hope,RL Chase,JR Hazlewood,0,0,,,,,,"",""
ball,2,48.4,West Indies,SD Hope,RL Chase,JR Hazlewood,0,0,,,,,,"",""
ball,2,48.5,West Indies,SD Hope,RL Chase,JR Hazlewood,0,0,,,,,,"",""
ball,2,48.6,West Indies,SD Hope,RL Chase,JR Hazlewood,1,0,,,,,,"",""
ball,2,49.1,West Indies,SD Hope,RL Chase,PJ Cummins,1,0,,,,,,"",""
ball,2,49.2,West Indies,RL Chase,SD Hope,PJ Cummins,0,0,,,,,,lbw,RL Chase
ball,2,49.3,West Indies,JP Greaves,SD Hope,PJ Cummins,0,0,,,,,,"",""
ball,2,49.4,West Indies,JP Greaves,SD Hope,PJ Cummins,0,0,,,,,,"",""
ball,2,49.5,West Indies,JP Greaves,SD Hope,PJ Cummins,0,0,,,,,,"",""
ball,2,49.6,West Indies,JP Greaves,SD Hope,PJ Cummins,0,0,,,,,,"",""
ball,2,50.1,West Indies,SD Hope,JP Greaves,JR Hazlewood,0,1,,,,1,,"",""
ball,2,50.2,West Indies,JP Greaves,SD Hope,JR Hazlewood,0,0,,,,,,"",""
ball,2,50.3,West Indies,JP Greaves,SD Hope,JR Hazlewood,0,0,,,,,,"",""
ball,2,50.4,West Indies,JP Greaves,SD Hope,JR Hazlewood,0,0,,,,,,"",""
ball,2,50.5,West Indies,JP Greaves,SD Hope,JR Hazlewood,0,0,,,,,,"",""
ball,2,50.6,West Indies,JP Greaves,SD Hope,JR Hazlewood,0,0,,,,,,"",""
ball,2,51.1,West Indies,SD Hope,JP Greaves,PJ Cummins,0,0,,,,,,"",""
ball,2,51.2,West Indies,SD Hope,JP Greaves,PJ Cummins,0,0,,,,,,"",""
ball,2,51.3,West Indies,SD Hope,JP Greaves,PJ Cummins,0,0,,,,,,"",""
ball,2,51.4,West Indies,SD Hope,JP Greaves,PJ Cummins,0,0,,,,,,"",""
ball,2,51.5,West Indies,SD Hope,JP Greaves,PJ Cummins,0,0,,,,,,"",""
ball,2,51.6,West Indies,SD Hope,JP Greaves,PJ Cummins,0,0,,,,,,"",""
ball,2,52.1,West Indies,JP Greaves,SD Hope,JR Hazlewood,1,0,,,,,,"",""
ball,2,52.2,West Indies,SD Hope,JP Greaves,JR Hazlewood,0,0,,,,,,"",""
ball,2,52.3,West Indies,SD Hope,JP Greaves,JR Hazlewood,1,0,,,,,,"",""
ball,2,52.4,West Indies,JP Greaves,SD Hope,JR Hazlewood,1,0,,,,,,"",""
ball,2,52.5,West Indies,SD Hope,JP Greaves,JR Hazlewood,0,0,,,,,,"",""
ball,2,52.6,West Indies,SD Hope,JP Greaves,JR Hazlewood,0,0,,,,,,"",""
ball,2,53.1,West Indies,JP Greaves,SD Hope,BJ Webster,0,0,,,,,,"",""
ball,2,53.2,West Indies,JP Greaves,SD Hope,BJ Webster,0,0,,,,,,"",""
ball,2,53.3,West Indies,JP Greaves,SD Hope,BJ Webster,1,0,,,,,,"",""
ball,2,53.4,West Indies,SD Hope,JP Greaves,BJ Webster,0,0,,,,,,"",""
ball,2,53.5,West Indies,SD Hope,JP Greaves,BJ Webster,0,0,,,,,,"",""
ball,2,53.6,West Indies,SD Hope,JP Greaves,BJ Webster,1,0,,,,,,"",""
ball,2,54.1,West Indies,SD Hope,JP Greaves,PJ Cummins,0,0,,,,,,"",""
ball,2,54.2,West Indies,SD Hope,JP Greaves,PJ Cummins,3,0,,,,,,"",""
ball,2,54.3,West Indies,JP Greaves,SD Hope,PJ Cummins,0,0,,,,,,"",""
ball,2,54.4,West Indies,JP Greaves,SD Hope,PJ Cummins,1,0,,,,,,"",""
ball,2,54.5,West Indies,SD Hope,JP Greaves,PJ Cummins,3,0,,,,,,"",""
ball,2,54.6,West Indies,JP Greaves,SD Hope,PJ Cummins,0,0,,,,,,"",""
ball,2,55.1,West Indies,SD Hope,JP Greaves,BJ Webster,1,0,,,,,,"",""
ball,2,55.2,West Indies,JP Greaves,SD Hope,BJ Webster,0,0,,,,,,caught,JP Greaves
ball,2,55.3,West Indies,AS Joseph,SD Hope,BJ Webster,1,0,,,,,,"",""
ball,2,55.4,West Indies,SD Hope,AS Joseph,BJ Webster,0,0,,,,,,"",""
ball,2,55.5,West Indies,SD Hope,AS Joseph,BJ Webster,0,0,,,,,,"",""
ball,2,55.6,West Indies,SD Hope,AS Joseph,BJ Webster,1,0,,,,,,"",""
ball,2,56.1,West Indies,SD Hope,AS Joseph,PJ Cummins,1,0,,,,,,"",""
ball,2,56.2,West Indies,AS Joseph,SD Hope,PJ Cummins,4,0,,,,,,"",""
ball,2,56.3,West Indies,AS Joseph,SD Hope,PJ Cummins,0,0,,,,,,"",""
ball,2,56.4,West Indies,AS Joseph,SD Hope,PJ Cummins,0,0,,,,,,"",""
ball,2,56.5,West Indies,AS Joseph,SD Hope,PJ Cummins,0,0,,,,,,"",""
ball,2,56.6,West Indies,AS Joseph,SD Hope,PJ Cummins,0,0,,,,,,"",""
ball,2,57.1,West Indies,SD Hope,AS Joseph,BJ Webster,0,0,,,,,,"",""
ball,2,57.2,West Indies,SD Hope,AS Joseph,BJ Webster,2,0,,,,,,"",""
ball,2,57.3,West Indies,SD Hope,AS Joseph,BJ Webster,0,0,,,,,,caught,SD Hope
ball,2,57.4,West Indies,S Joseph,AS Joseph,BJ Webster,0,0,,,,,,"",""
ball,2,57.5,West Indies,S Joseph,AS Joseph,BJ Webster,4,0,,,,,,"",""
ball,2,57.6,West Indies,S Joseph,AS Joseph,BJ Webster,4,0,,,,,,"",""
ball,2,58.1,West Indies,AS Joseph,S Joseph,MA Starc,1,0,,,,,,"",""
ball,2,58.2,West Indies,S Joseph,AS Joseph,MA Starc,0,0,,,,,,"",""
ball,2,58.3,West Indies,S Joseph,AS Joseph,MA Starc,0,0,,,,,,"",""
ball,2,58.4,West Indies,S Joseph,AS Joseph,MA Starc,0,0,,,,,,"",""
ball,2,58.5,West Indies,S Joseph,AS Joseph,MA Starc,0,0,,,,,,"",""
ball,2,58.6,West Indies,S Joseph,AS Joseph,MA Starc,0,0,,,,,,bowled,S Joseph
ball,2,59.1,West Indies,AS Joseph,JNT Seales,JR Hazlewood,0,0,,,,,,"",""
ball,2,59.2,West Indies,AS Joseph,JNT Seales,JR Hazlewood,1,0,,,,,,"",""
ball,2,59.3,West Indies,JNT Seales,AS Joseph,JR Hazlewood,0,0,,,,,,"",""
ball,2,59.4,West Indies,JNT Seales,AS Joseph,JR Hazlewood,0,0,,,,,,"",""
ball,2,59.5,West Indies,JNT Seales,AS Joseph,JR Hazlewood,0,0,,,,,,"",""
ball,2,59.6,West Indies,JNT Seales,AS Joseph,JR Hazlewood,0,0,,,,,,"",""
ball,2,60.1,West Indies,AS Joseph,JNT Seales,MA Starc,0,0,,,,,,"",""
ball,2,60.2,West Indies,AS Joseph,JNT Seales,MA Starc,0,0,,,,,,"",""
ball,2,60.3,West Indies,AS Joseph,JNT Seales,MA Starc,1,0,,,,,,"",""
ball,2,60.4,West Indies,JNT Seales,AS Joseph,MA Starc,1,0,,,,,,"",""
ball,2,60.5,West Indies,AS Joseph,JNT Seales,MA Starc,1,0,,,,,,"",""
ball,2,60.6,West Indies,JNT Seales,AS Joseph,MA Starc,0,0,,,,,,"",""
ball,2,61.1,West Indies,AS Joseph,JNT Seales,JR Hazlewood,0,0,,,,,,"",""
ball,2,61.2,West Indies,AS Joseph,JNT Seales,JR Hazlewood,6,0,,,,,,"",""
ball,2,61.3,West Indies,AS Joseph,JNT Seales,JR Hazlewood,4,0,,,,,,"",""
ball,2,61.4,West Indies,AS Joseph,JNT Seales,JR Hazlewood,1,0,,,,,,"",""
ball,2,61.5,West Indies,JNT Seales,AS Joseph,JR Hazlewood,0,0,,,,,,"",""
ball,2,61.6,West Indies,JNT Seales,AS Joseph,JR Hazlewood,0,0,,,,,,"",""
ball,2,62.1,West Indies,AS Joseph,JNT Seales,MA Starc,1,0,,,,,,"",""
ball,2,62.2,West Indies,JNT Seales,AS Joseph,MA Starc,0,0,,,,,,"",""
ball,2,62.3,West Indies,JNT Seales,AS Joseph,MA Starc,0,0,,,,,,"",""
ball,2,62.4,West Indies,JNT Seales,AS Joseph,MA Starc,1,0,,,,,,"",""
ball,2,62.5,West Indies,AS Joseph,JNT Seales,MA Starc,1,0,,,,,,"",""
ball,2,62.6,West Indies,JNT Seales,AS Joseph,MA Starc,0,0,,,,,,"",""
ball,2,63.1,West Indies,AS Joseph,JNT Seales,NM Lyon,1,0,,,,,,"",""
ball,2,63.2,West Indies,JNT Seales,AS Joseph,NM Lyon,0,0,,,,,,caught,JNT Seales
ball,3,0.1,Australia,S Konstas,UT Khawaja,JNT Seales,0,0,,,,,,"",""
ball,3,0.2,Australia,S Konstas,UT Khawaja,JNT Seales,0,0,,,,,,"",""
ball,3,0.3,Australia,S Konstas,UT Khawaja,JNT Seales,0,0,,,,,,"",""
ball,3,0.4,Australia,S Konstas,UT Khawaja,JNT Seales,0,0,,,,,,"",""
ball,3,0.5,Australia,S Konstas,UT Khawaja,JNT Seales,0,0,,,,,,"",""
ball,3,0.6,Australia,S Konstas,UT Khawaja,JNT Seales,0,0,,,,,,"",""
ball,3,1.1,Australia,UT Khawaja,S Konstas,S Joseph,0,0,,,,,,"",""
ball,3,1.2,Australia,UT Khawaja,S Konstas,S Joseph,1,0,,,,,,"",""
ball,3,1.3,Australia,S Konstas,UT Khawaja,S Joseph,0,0,,,,,,"",""
ball,3,1.4,Australia,S Konstas,UT Khawaja,S Joseph,0,0,,,,,,"",""
ball,3,1.5,Australia,S Konstas,UT Khawaja,S Joseph,0,0,,,,,,"",""
ball,3,1.6,Australia,S Konstas,UT Khawaja,S Joseph,0,0,,,,,,"",""
ball,3,2.1,Australia,UT Khawaja,S Konstas,JNT Seales,2,0,,,,,,"",""
ball,3,2.2,Australia,UT Khawaja,S Konstas,JNT Seales,0,0,,,,,,"",""
ball,3,2.3,Australia,UT Khawaja,S Konstas,JNT Seales,3,0,,,,,,"",""
ball,3,2.4,Australia,S Konstas,UT Khawaja,JNT Seales,0,0,,,,,,"",""
ball,3,2.5,Australia,S Konstas,UT Khawaja,JNT Seales,0,0,,,,,,"",""
ball,3,2.6,Australia,S Konstas,UT Khawaja,JNT Seales,0,0,,,,,,"",""
ball,3,3.1,Australia,UT Khawaja,S Konstas,S Joseph,1,0,,,,,,"",""
ball,3,3.2,Australia,S Konstas,UT Khawaja,S Joseph,4,0,,,,,,"",""
ball,3,3.3,Australia,S Konstas,UT Khawaja,S Joseph,0,0,,,,,,"",""
ball,3,3.4,Australia,S Konstas,UT Khawaja,S Joseph,0,0,,,,,,"",""
ball,3,3.5,Australia,S Konstas,UT Khawaja,S Joseph,0,0,,,,,,"",""
ball,3,3.6,Australia,S Konstas,UT Khawaja,S Joseph,0,0,,,,,,"",""
ball,3,4.1,Australia,UT Khawaja,S Konstas,JNT Seales,0,0,,,,,,"",""
ball,3,4.2,Australia,UT Khawaja,S Konstas,JNT Seales,2,0,,,,,,"",""
ball,3,4.3,Australia,UT Khawaja,S Konstas,JNT Seales,0,0,,,,,,"",""
ball,3,4.4,Australia,UT Khawaja,S Konstas,JNT Seales,0,0,,,,,,"",""
ball,3,4.5,Australia,UT Khawaja,S Konstas,JNT Seales,0,0,,,,,,"",""
ball,3,4.6,Australia,UT Khawaja,S Konstas,JNT Seales,0,0,,,,,,"",""
ball,3,5.1,Australia,S Konstas,UT Khawaja,S Joseph,0,0,,,,,,"",""
ball,3,5.2,Australia,S Konstas,UT Khawaja,S Joseph,0,0,,,,,,"",""
ball,3,5.3,Australia,S Konstas,UT Khawaja,S Joseph,0,0,,,,,,"",""
ball,3,5.4,Australia,S Konstas,UT Khawaja,S Joseph,0,4,,,,4,,"",""
ball,3,5.5,Australia,S Konstas,UT Khawaja,S Joseph,0,0,,,,,,"",""
ball,3,5.6,Australia,S Konstas,UT Khawaja,S Joseph,0,0,,,,,,"",""
ball,3,6.1,Australia,UT Khawaja,S Konstas,JNT Seales,0,0,,,,,,"",""
ball,3,6.2,Australia,UT Khawaja,S Konstas,JNT Seales,0,0,,,,,,"",""
ball,3,6.3,Australia,UT Khawaja,S Konstas,JNT Seales,0,0,,,,,,"",""
ball,3,6.4,Australia,UT Khawaja,S Konstas,JNT Seales,4,0,,,,,,"",""
ball,3,6.5,Australia,UT Khawaja,S Konstas,JNT Seales,2,0,,,,,,"",""
ball,3,6.6,Australia,UT Khawaja,S Konstas,JNT Seales,0,0,,,,,,"",""
ball,3,7.1,Australia,S Konstas,UT Khawaja,S Joseph,0,4,,,,4,,"",""
ball,3,7.2,Australia,S Konstas,UT Khawaja,S Joseph,0,0,,,,,,"",""
ball,3,7.3,Australia,S Konstas,UT Khawaja,S Joseph,0,0,,,,,,"",""
ball,3,7.4,Australia,S Konstas,UT Khawaja,S Joseph,0,0,,,,,,"",""
ball,3,7.5,Australia,S Konstas,UT Khawaja,S Joseph,0,0,,,,,,"",""
ball,3,7.6,Australia,S Konstas,UT Khawaja,S Joseph,0,0,,,,,,"",""
ball,3,8.1,Australia,UT Khawaja,S Konstas,AS Joseph,0,0,,,,,,"",""
ball,3,8.2,Australia,UT Khawaja,S Konstas,AS Joseph,0,0,,,,,,"",""
ball,3,8.3,Australia,UT Khawaja,S Konstas,AS Joseph,0,0,,,,,,"",""
ball,3,8.4,Australia,UT Khawaja,S Konstas,AS Joseph,0,0,,,,,,lbw,UT Khawaja
ball,3,8.5,Australia,C Green,S Konstas,AS Joseph,0,0,,,,,,"",""
ball,3,8.6,Australia,C Green,S Konstas,AS Joseph,1,0,,,,,,"",""
ball,3,9.1,Australia,C Green,S Konstas,S Joseph,0,0,,,,,,"",""
ball,3,9.2,Australia,C Green,S Konstas,S Joseph,3,0,,,,,,"",""
ball,3,9.3,Australia,S Konstas,C Green,S Joseph,0,0,,,,,,"",""
ball,3,9.4,Australia,S Konstas,C Green,S Joseph,0,0,,,,,,"",""
ball,3,9.5,Australia,S Konstas,C Green,S Joseph,0,0,,,,,,"",""
ball,3,9.6,Australia,S Konstas,C Green,S Joseph,0,0,,,,,,"",""
ball,3,10.1,Australia,C Green,S Konstas,AS Joseph,1,0,,,,,,"",""
ball,3,10.2,Australia,S Konstas,C Green,AS Joseph,0,1,,1,,,,"",""
ball,3,10.3,Australia,S Konstas,C Green,AS Joseph,1,0,,,,,,"",""
ball,3,10.4,Australia,C Green,S Konstas,AS Joseph,0,0,,,,,,"",""
ball,3,10.5,Australia,C Green,S Konstas,AS Joseph,0,0,,,,,,"",""
ball,3,10.6,Australia,C Green,S Konstas,AS Joseph,0,0,,,,,,"",""
ball,3,10.7,Australia,C Green,S Konstas,AS Joseph,0,0,,,,,,"",""
ball,3,11.1,Australia,S Konstas,C Green,S Joseph,0,0,,,,,,"",""
ball,3,11.2,Australia,S Konstas,C Green,S Joseph,0,0,,,,,,bowled,S Konstas
ball,3,11.3,Australia,JP Inglis,C Green,S Joseph,0,0,,,,,,"",""
ball,3,11.4,Australia,JP Inglis,C Green,S Joseph,0,0,,,,,,"",""
ball,3,11.5,Australia,JP Inglis,C Green,S Joseph,0,0,,,,,,"",""
ball,3,11.6,Australia,JP Inglis,C Green,S Joseph,2,0,,,,,,"",""
ball,3,12.1,Australia,C Green,JP Inglis,AS Joseph,0,0,,,,,,"",""
ball,3,12.2,Australia,C Green,JP Inglis,AS Joseph,0,0,,,,,,"",""
ball,3,12.3,Australia,C Green,JP Inglis,AS Joseph,0,1,,1,,,,"",""
ball,3,12.4,Australia,C Green,JP Inglis,AS Joseph,4,0,,,,,,"",""
ball,3,12.5,Australia,C Green,JP Inglis,AS Joseph,0,0,,,,,,"",""
ball,3,12.6,Australia,C Green,JP Inglis,AS Joseph,0,0,,,,,,"",""
ball,3,12.7,Australia,C Green,JP Inglis,AS Joseph,0,0,,,,,,"",""
ball,3,13.1,Australia,JP Inglis,C Green,S Joseph,0,0,,,,,,"",""
ball,3,13.2,Australia,JP Inglis,C Green,S Joseph,0,0,,,,,,"",""
ball,3,13.3,Australia,JP Inglis,C Green,S Joseph,0,0,,,,,,"",""
ball,3,13.4,Australia,JP Inglis,C Green,S Joseph,0,0,,,,,,"",""
ball,3,13.5,Australia,JP Inglis,C Green,S Joseph,0,0,,,,,,"",""
ball,3,13.6,Australia,JP Inglis,C Green,S Joseph,2,0,,,,,,"",""
ball,3,14.1,Australia,C Green,JP Inglis,AS Joseph,0,0,,,,,,"",""
ball,3,14.2,Australia,C Green,JP Inglis,AS Joseph,0,0,,,,,,"",""
ball,3,14.3,Australia,C Green,JP Inglis,AS Joseph,0,0,,,,,,"",""
ball,3,14.4,Australia,C Green,JP Inglis,AS Joseph,0,0,,,,,,"",""
ball,3,14.5,Australia,C Green,JP Inglis,AS Joseph,0,0,,,,,,"",""
ball,3,14.6,Australia,C Green,JP Inglis,AS Joseph,0,0,,,,,,"",""
ball,3,15.1,Australia,JP Inglis,C Green,JNT Seales,2,0,,,,,,"",""
ball,3,15.2,Australia,JP Inglis,C Green,JNT Seales,0,0,,,,,,"",""
ball,3,15.3,Australia,JP Inglis,C Green,JNT Seales,1,0,,,,,,"",""
ball,3,15.4,Australia,C Green,JP Inglis,JNT Seales,0,0,,,,,,"",""
ball,3,15.5,Australia,C Green,JP Inglis,JNT Seales,0,0,,,,,,"",""
ball,3,15.6,Australia,C Green,JP Inglis,JNT Seales,0,0,,,,,,"",""
ball,3,16.1,Australia,JP Inglis,C Green,JP Greaves,0,0,,,,,,"",""
ball,3,16.2,Australia,JP Inglis,C Green,JP Greaves,1,0,,,,,,"",""
ball,3,16.3,Australia,C Green,JP Inglis,JP Greaves,0,0,,,,,,"",""
ball,3,16.4,Australia,C Green,JP Inglis,JP Greaves,0,0,,,,,,"",""
ball,3,16.5,Australia,C Green,JP Inglis,JP Greaves,0,0,,,,,,"",""
ball,3,16.6,Australia,C Green,JP Inglis,JP Greaves,0,0,,,,,,"",""
ball,3,17.1,Australia,JP Inglis,C Green,JNT Seales,0,0,,,,,,"",""
ball,3,17.2,Australia,JP Inglis,C Green,JNT Seales,0,0,,,,,,"",""
ball,3,17.3,Australia,JP Inglis,C Green,JNT Seales,0,0,,,,,,"",""
ball,3,17.4,Australia,JP Inglis,C Green,JNT Seales,0,1,,,1,,,"",""
ball,3,17.5,Australia,C Green,JP Inglis,JNT Seales,0,0,,,,,,"",""
ball,3,17.6,Australia,C Green,JP Inglis,JNT Seales,0,0,,,,,,"",""
ball,3,18.1,Australia,JP Inglis,C Green,JP Greaves,3,0,,,,,,"",""
ball,3,18.2,Australia,C Green,JP Inglis,JP Greaves,0,0,,,,,,"",""
ball,3,18.3,Australia,C Green,JP Inglis,JP Greaves,0,0,,,,,,"",""
ball,3,18.4,Australia,C Green,JP Inglis,JP Greaves,0,0,,,,,,"",""
ball,3,18.5,Australia,C Green,JP Inglis,JP Greaves,0,0,,,,,,"",""
ball,3,18.6,Australia,C Green,JP Inglis,JP Greaves,4,0,,,,,,"",""
ball,3,19.1,Australia,JP Inglis,C Green,JNT Seales,0,0,,,,,,"",""
ball,3,19.2,Australia,JP Inglis,C Green,JNT Seales,0,0,,,,,,"",""
ball,3,19.3,Australia,JP Inglis,C Green,JNT Seales,1,0,,,,,,"",""
ball,3,19.4,Australia,C Green,JP Inglis,JNT Seales,0,0,,,,,,"",""
ball,3,19.5,Australia,C Green,JP Inglis,JNT Seales,0,0,,,,,,"",""
ball,3,19.6,Australia,C Green,JP Inglis,JNT Seales,0,0,,,,,,"",""
ball,3,20.1,Australia,JP Inglis,C Green,JP Greaves,0,0,,,,,,"",""
ball,3,20.2,Australia,JP Inglis,C Green,JP Greaves,0,0,,,,,,"",""
ball,3,20.3,Australia,JP Inglis,C Green,JP Greaves,0,0,,,,,,"",""
ball,3,20.4,Australia,JP Inglis,C Green,JP Greaves,0,0,,,,,,"",""
ball,3,20.5,Australia,JP Inglis,C Green,JP Greaves,0,0,,,,,,"",""
ball,3,20.6,Australia,JP Inglis,C Green,JP Greaves,0,1,,,1,,,"",""
ball,3,21.1,Australia,JP Inglis,C Green,JNT Seales,0,0,,,,,,"",""
ball,3,21.2,Australia,JP Inglis,C Green,JNT Seales,0,0,,,,,,"",""
ball,3,21.3,Australia,JP Inglis,C Green,JNT Seales,0,0,,,,,,"",""
ball,3,21.4,Australia,JP Inglis,C Green,JNT Seales,0,0,,,,,,bowled,JP Inglis
ball,3,21.5,Australia,TM Head,C Green,JNT Seales,0,0,,,,,,"",""
ball,3,21.6,Australia,TM Head,C Green,JNT Seales,0,0,,,,,,"",""
ball,3,22.1,Australia,C Green,TM Head,JP Greaves,0,0,,,,,,"",""
ball,3,22.2,Australia,C Green,TM Head,JP Greaves,0,0,,,,,,"",""
ball,3,22.3,Australia,C Green,TM Head,JP Greaves,0,0,,,,,,"",""
ball,3,22.4,Australia,C Green,TM Head,JP Greaves,0,0,,,,,,"",""
ball,3,22.5,Australia,C Green,TM Head,JP Greaves,1,0,,,,,,"",""
ball,3,22.6,Australia,TM Head,C Green,JP Greaves,1,0,,,,,,"",""
ball,3,23.1,Australia,TM Head,C Green,JNT Seales,0,0,,,,,,"",""
ball,3,23.2,Australia,TM Head,C Green,JNT Seales,0,0,,,,,,"",""
ball,3,23.3,Australia,TM Head,C Green,JNT Seales,4,0,,,,,,"",""
ball,3,23.4,Australia,TM Head,C Green,JNT Seales,0,0,,,,,,"",""
ball,3,23.5,Australia,TM Head,C Green,JNT Seales,0,0,,,,,,"",""
ball,3,23.6,Australia,TM Head,C Green,JNT Seales,0,0,,,,,,"",""
ball,3,24.1,Australia,C Green,TM Head,JP Greaves,0,0,,,,,,"",""
ball,3,24.2,Australia,C Green,TM Head,JP Greaves,1,0,,,,,,"",""
ball,3,24.3,Australia,TM Head,C Green,JP Greaves,0,0,,,,,,"",""
ball,3,24.4,Australia,TM Head,C Green,JP Greaves,0,0,,,,,,"",""
ball,3,24.5,Australia,TM Head,C Green,JP Greaves,1,0,,,,,,"",""
ball,3,24.6,Australia,C Green,TM Head,JP Greaves,0,0,,,,,,caught,C Green
ball,3,25.1,Australia,TM Head,BJ Webster,JNT Seales,0,0,,,,,,"",""
ball,3,25.2,Australia,TM Head,BJ Webster,JNT Seales,0,0,,,,,,"",""
ball,3,25.3,Australia,TM Head,BJ Webster,JNT Seales,1,0,,,,,,"",""
ball,3,25.4,Australia,BJ Webster,TM Head,JNT Seales,1,0,,,,,,"",""
ball,3,25.5,Australia,TM Head,BJ Webster,JNT Seales,1,0,,,,,,"",""
ball,3,25.6,Australia,BJ Webster,TM Head,JNT Seales,0,0,,,,,,"",""
ball,3,26.1,Australia,TM Head,BJ Webster,JP Greaves,0,0,,,,,,"",""
ball,3,26.2,Australia,TM Head,BJ Webster,JP Greaves,0,0,,,,,,"",""
ball,3,26.3,Australia,TM Head,BJ Webster,JP Greaves,1,0,,,,,,"",""
ball,3,26.4,Australia,BJ Webster,TM Head,JP Greaves,0,0,,,,,,"",""
ball,3,26.5,Australia,BJ Webster,TM Head,JP Greaves,4,0,,,,,,"",""
ball,3,26.6,Australia,BJ Webster,TM Head,JP Greaves,1,0,,,,,,"",""
ball,3,27.1,Australia,BJ Webster,TM Head,S Joseph,0,0,,,,,,"",""
ball,3,27.2,Australia,BJ Webster,TM Head,S Joseph,0,0,,,,,,"",""
ball,3,27.3,Australia,BJ Webster,TM Head,S Joseph,0,0,,,,,,"",""
ball,3,27.4,Australia,BJ Webster,TM Head,S Joseph,0,0,,,,,,"",""
ball,3,27.5,Australia,BJ Webster,TM Head,S Joseph,0,0,,,,,,"",""
ball,3,27.6,Australia,BJ Webster,TM Head,S Joseph,0,0,,,,,,"",""
ball,3,28.1,Australia,TM Head,BJ Webster,JP Greaves,0,0,,,,,,"",""
ball,3,28.2,Australia,TM Head,BJ Webster,JP Greaves,1,0,,,,,,"",""
ball,3,28.3,Australia,BJ Webster,TM Head,JP Greaves,4,0,,,,,,"",""
ball,3,28.4,Australia,BJ Webster,TM Head,JP Greaves,0,0,,,,,,"",""
ball,3,28.5,Australia,BJ Webster,TM Head,JP Greaves,0,0,,,,,,"",""
ball,3,28.6,Australia,BJ Webster,TM Head,JP Greaves,4,0,,,,,,"",""
ball,3,29.1,Australia,TM Head,BJ Webster,S Joseph,0,0,,,,,,"",""
ball,3,29.2,Australia,TM Head,BJ Webster,S Joseph,0,0,,,,,,"",""
ball,3,29.3,Australia,TM Head,BJ Webster,S Joseph,0,0,,,,,,"",""
ball,3,29.4,Australia,TM Head,BJ Webster,S Joseph,0,0,,,,,,"",""
ball,3,29.5,Australia,TM Head,BJ Webster,S Joseph,0,0,,,,,,"",""
ball,3,29.6,Australia,TM Head,BJ Webster,S Joseph,0,0,,,,,,"",""
ball,3,30.1,Australia,BJ Webster,TM Head,AS Joseph,0,0,,,,,,"",""
ball,3,30.2,Australia,BJ Webster,TM Head,AS Joseph,4,0,,,,,,"",""
ball,3,30.3,Australia,BJ Webster,TM Head,AS Joseph,0,0,,,,,,"",""
ball,3,30.4,Australia,BJ Webster,TM Head,AS Joseph,0,0,,,,,,"",""
ball,3,30.5,Australia,BJ Webster,TM Head,AS Joseph,1,0,,,,,,"",""
ball,3,30.6,Australia,TM Head,BJ Webster,AS Joseph,1,0,,,,,,"",""
ball,3,31.1,Australia,TM Head,BJ Webster,S Joseph,0,0,,,,,,"",""
ball,3,31.2,Australia,TM Head,BJ Webster,S Joseph,0,1,,1,,,,"",""
ball,3,31.3,Australia,TM Head,BJ Webster,S Joseph,1,0,,,,,,"",""
ball,3,31.4,Australia,BJ Webster,TM Head,S Joseph,0,0,,,,,,"",""
ball,3,31.5,Australia,BJ Webster,TM Head,S Joseph,0,0,,,,,,"",""
ball,3,31.6,Australia,BJ Webster,TM Head,S Joseph,0,0,,,,,,"",""
ball,3,31.7,Australia,BJ Webster,TM Head,S Joseph,0,0,,,,,,"",""
ball,3,32.1,Australia,TM Head,BJ Webster,AS Joseph,0,0,,,,,,"",""
ball,3,32.2,Australia,TM Head,BJ Webster,AS Joseph,0,0,,,,,,"",""
ball,3,32.3,Australia,TM Head,BJ Webster,AS Joseph,0,0,,,,,,"",""
ball,3,32.4,Australia,TM Head,BJ Webster,AS Joseph,0,0,,,,,,"",""
ball,3,32.5,Australia,TM Head,BJ Webster,AS Joseph,0,0,,,,,,"",""
ball,3,32.6,Australia,TM Head,BJ Webster,AS Joseph,1,0,,,,,,"",""
ball,3,33.1,Australia,TM Head,BJ Webster,S Joseph,1,0,,,,,,"",""
ball,3,33.2,Australia,BJ Webster,TM Head,S Joseph,0,0,,,,,,"",""
ball,3,33.3,Australia,BJ Webster,TM Head,S Joseph,0,0,,,,,,"",""
ball,3,33.4,Australia,BJ Webster,TM Head,S Joseph,0,0,,,,,,"",""
ball,3,33.5,Australia,BJ Webster,TM Head,S Joseph,0,0,,,,,,"",""
ball,3,33.6,Australia,BJ Webster,TM Head,S Joseph,0,0,,,,,,"",""
ball,3,34.1,Australia,TM Head,BJ Webster,AS Joseph,0,0,,,,,,"",""
ball,3,34.2,Australia,TM Head,BJ Webster,AS Joseph,0,0,,,,,,"",""
ball,3,34.3,Australia,TM Head,BJ Webster,AS Joseph,1,0,,,,,,"",""
ball,3,34.4,Australia,BJ Webster,TM Head,AS Joseph,2,0,,,,,,"",""
ball,3,34.5,Australia,BJ Webster,TM Head,AS Joseph,0,0,,,,,,"",""
ball,3,34.6,Australia,BJ Webster,TM Head,AS Joseph,0,0,,,,,,"",""
ball,3,35.1,Australia,TM Head,BJ Webster,S Joseph,0,0,,,,,,"",""
ball,3,35.2,Australia,TM Head,BJ Webster,S Joseph,4,0,,,,,,"",""
ball,3,35.3,Australia,TM Head,BJ Webster,S Joseph,0,0,,,,,,"",""
ball,3,35.4,Australia,TM Head,BJ Webster,S Joseph,0,0,,,,,,"",""
ball,3,35.5,Australia,TM Head,BJ Webster,S Joseph,0,0,,,,,,"",""
ball,3,35.6,Australia,TM Head,BJ Webster,S Joseph,2,0,,,,,,"",""
ball,3,36.1,Australia,BJ Webster,TM Head,AS Joseph,4,0,,,,,,"",""
ball,3,36.2,Australia,BJ Webster,TM Head,AS Joseph,0,0,,,,,,"",""
ball,3,36.3,Australia,BJ Webster,TM Head,AS Joseph,0,0,,,,,,"",""
ball,3,36.4,Australia,BJ Webster,TM Head,AS Joseph,0,1,,,,1,,"",""
ball,3,36.5,Australia,TM Head,BJ Webster,AS Joseph,0,0,,,,,,"",""
ball,3,36.6,Australia,TM Head,BJ Webster,AS Joseph,1,0,,,,,,"",""
ball,3,37.1,Australia,TM Head,BJ Webster,S Joseph,1,0,,,,,,"",""
ball,3,37.2,Australia,BJ Webster,TM Head,S Joseph,1,0,,,,,,"",""
ball,3,37.3,Australia,TM Head,BJ Webster,S Joseph,0,0,,,,,,"",""
ball,3,37.4,Australia,TM Head,BJ Webster,S Joseph,0,0,,,,,,"",""
ball,3,37.5,Australia,TM Head,BJ Webster,S Joseph,0,0,,,,,,"",""
ball,3,37.6,Australia,TM Head,BJ Webster,S Joseph,0,0,,,,,,"",""
ball,3,38.1,Australia,BJ Webster,TM Head,AS Joseph,1,0,,,,,,"",""
ball,3,38.2,Australia,TM Head,BJ Webster,AS Joseph,1,0,,,,,,"",""
ball,3,38.3,Australia,BJ Webster,TM Head,AS Joseph,1,0,,,,,,"",""
ball,3,38.4,Australia,TM Head,BJ Webster,AS Joseph,1,0,,,,,,"",""
ball,3,38.5,Australia,BJ Webster,TM Head,AS Joseph,0,0,,,,,,"",""
ball,3,38.6,Australia,BJ Webster,TM Head,AS Joseph,0,0,,,,,,"",""
ball,3,39.1,Australia,TM Head,BJ Webster,S Joseph,0,0,,,,,,"",""
ball,3,39.2,Australia,TM Head,BJ Webster,S Joseph,0,0,,,,,,"",""
ball,3,39.3,Australia,TM Head,BJ Webster,S Joseph,0,0,,,,,,"",""
ball,3,39.4,Australia,TM Head,BJ Webster,S Joseph,1,0,,,,,,"",""
ball,3,39.5,Australia,BJ Webster,TM Head,S Joseph,0,0,,,,,,"",""
ball,3,39.6,Australia,BJ Webster,TM Head,S Joseph,0,0,,,,,,"",""
ball,3,40.1,Australia,TM Head,BJ Webster,AS Joseph,4,0,,,,,,"",""
ball,3,40.2,Australia,TM Head,BJ Webster,AS Joseph,0,0,,,,,,"",""
ball,3,40.3,Australia,TM Head,BJ Webster,AS Joseph,0,0,,,,,,"",""
ball,3,40.4,Australia,TM Head,BJ Webster,AS Joseph,0,0,,,,,,"",""
ball,3,40.5,Australia,TM Head,BJ Webster,AS Joseph,1,0,,,,,,"",""
ball,3,40.6,Australia,BJ Webster,TM Head,AS Joseph,1,0,,,,,,"",""
ball,3,41.1,Australia,BJ Webster,TM Head,JNT Seales,0,0,,,,,,"",""
ball,3,41.2,Australia,BJ Webster,TM Head,JNT Seales,0,0,,,,,,"",""
ball,3,41.3,Australia,BJ Webster,TM Head,JNT Seales,0,0,,,,,,"",""
ball,3,41.4,Australia,BJ Webster,TM Head,JNT Seales,0,0,,,,,,"",""
ball,3,41.5,Australia,BJ Webster,TM Head,JNT Seales,0,0,,,,,,"",""
ball,3,41.6,Australia,BJ Webster,TM Head,JNT Seales,0,0,,,,,,"",""
ball,3,42.1,Australia,TM Head,BJ Webster,AS Joseph,1,0,,,,,,"",""
ball,3,42.2,Australia,BJ Webster,TM Head,AS Joseph,2,0,,,,,,"",""
ball,3,42.3,Australia,BJ Webster,TM Head,AS Joseph,0,0,,,,,,"",""
ball,3,42.4,Australia,BJ Webster,TM Head,AS Joseph,1,0,,,,,,"",""
ball,3,42.5,Australia,TM Head,BJ Webster,AS Joseph,3,0,,,,,,"",""
ball,3,42.6,Australia,BJ Webster,TM Head,AS Joseph,1,0,,,,,,"",""
ball,3,43.1,Australia,BJ Webster,TM Head,JNT Seales,0,0,,,,,,"",""
ball,3,43.2,Australia,BJ Webster,TM Head,JNT Seales,0,0,,,,,,"",""
ball,3,43.3,Australia,BJ Webster,TM Head,JNT Seales,4,0,,,,,,"",""
ball,3,43.4,Australia,BJ Webster,TM Head,JNT Seales,2,0,,,,,,"",""
ball,3,43.5,Australia,BJ Webster,TM Head,JNT Seales,1,0,,,,,,"",""
ball,3,43.6,Australia,TM Head,BJ Webster,JNT Seales,4,0,,,,,,"",""
ball,3,44.1,Australia,BJ Webster,TM Head,JP Greaves,1,0,,,,,,"",""
ball,3,44.2,Australia,TM Head,BJ Webster,JP Greaves,0,0,,,,,,"",""
ball,3,44.3,Australia,TM Head,BJ Webster,JP Greaves,1,0,,,,,,"",""
ball,3,44.4,Australia,BJ Webster,TM Head,JP Greaves,0,0,,,,,,"",""
ball,3,44.5,Australia,BJ Webster,TM Head,JP Greaves,0,0,,,,,,"",""
ball,3,44.6,Australia,BJ Webster,TM Head,JP Greaves,0,0,,,,,,"",""
ball,3,45.1,Australia,TM Head,BJ Webster,JA Warrican,4,0,,,,,,"",""
ball,3,45.2,Australia,TM Head,BJ Webster,JA Warrican,0,0,,,,,,"",""
ball,3,45.3,Australia,TM Head,BJ Webster,JA Warrican,2,0,,,,,,"",""
ball,3,45.4,Australia,TM Head,BJ Webster,JA Warrican,0,0,,,,,,"",""
ball,3,45.5,Australia,TM Head,BJ Webster,JA Warrican,0,0,,,,,,"",""
ball,3,45.6,Australia,TM Head,BJ Webster,JA Warrican,0,0,,,,,,"",""
ball,3,46.1,Australia,BJ Webster,TM Head,JP Greaves,0,0,,,,,,"",""
ball,3,46.2,Australia,BJ Webster,TM Head,JP Greaves,1,0,,,,,,"",""
ball,3,46.3,Australia,TM Head,BJ Webster,JP Greaves,4,0,,,,,,"",""
ball,3,46.4,Australia,TM Head,BJ Webster,JP Greaves,0,0,,,,,,"",""
ball,3,46.5,Australia,TM Head,BJ Webster,JP Greaves,1,0,,,,,,"",""
ball,3,46.6,Australia,BJ Webster,TM Head,JP Greaves,0,0,,,,,,"",""
ball,3,47.1,Australia,TM Head,BJ Webster,JA Warrican,0,0,,,,,,"",""
ball,3,47.2,Australia,TM Head,BJ Webster,JA Warrican,0,0,,,,,,"",""
ball,3,47.3,Australia,TM Head,BJ Webster,JA Warrican,1,0,,,,,,"",""
ball,3,47.4,Australia,BJ Webster,TM Head,JA Warrican,0,0,,,,,,"",""
ball,3,47.5,Australia,BJ Webster,TM Head,JA Warrican,1,0,,,,,,"",""
ball,3,47.6,Australia,TM Head,BJ Webster,JA Warrican,0,0,,,,,,"",""
ball,3,48.1,Australia,BJ Webster,TM Head,JP Greaves,1,0,,,,,,"",""
ball,3,48.2,Australia,TM Head,BJ Webster,JP Greaves,0,0,,,,,,"",""
ball,3,48.3,Australia,TM Head,BJ Webster,JP Greaves,0,0,,,,,,"",""
ball,3,48.4,Australia,TM Head,BJ Webster,JP Greaves,0,0,,,,,,"",""
ball,3,48.5,Australia,TM Head,BJ Webster,JP Greaves,0,0,,,,,,"",""
ball,3,48.6,Australia,TM Head,BJ Webster,JP Greaves,0,0,,,,,,"",""
ball,3,49.1,Australia,BJ Webster,TM Head,JA Warrican,0,0,,,,,,"",""
ball,3,49.2,Australia,BJ Webster,TM Head,JA Warrican,0,0,,,,,,"",""
ball,3,49.3,Australia,BJ Webster,TM Head,JA Warrican,0,0,,,,,,"",""
ball,3,49.4,Australia,BJ Webster,TM Head,JA Warrican,0,0,,,,,,"",""
ball,3,49.5,Australia,BJ Webster,TM Head,JA Warrican,0,0,,,,,,"",""
ball,3,49.6,Australia,BJ Webster,TM Head,JA Warrican,0,0,,,,,,"",""
ball,3,50.1,Australia,TM Head,BJ Webster,JP Greaves,1,0,,,,,,"",""
ball,3,50.2,Australia,BJ Webster,TM Head,JP Greaves,0,0,,,,,,"",""
ball,3,50.3,Australia,BJ Webster,TM Head,JP Greaves,0,0,,,,,,"",""
ball,3,50.4,Australia,BJ Webster,TM Head,JP Greaves,0,0,,,,,,"",""
ball,3,50.5,Australia,BJ Webster,TM Head,JP Greaves,0,0,,,,,,"",""
ball,3,50.6,Australia,BJ Webster,TM Head,JP Greaves,1,0,,,,,,"",""
ball,3,51.1,Australia,BJ Webster,TM Head,JA Warrican,0,0,,,,,,"",""
ball,3,51.2,Australia,BJ Webster,TM Head,JA Warrican,0,0,,,,,,"",""
ball,3,51.3,Australia,BJ Webster,TM Head,JA Warrican,0,0,,,,,,"",""
ball,3,51.4,Australia,BJ Webster,TM Head,JA Warrican,0,0,,,,,,"",""
ball,3,51.5,Australia,BJ Webster,TM Head,JA Warrican,0,0,,,,,,"",""
ball,3,51.6,Australia,BJ Webster,TM Head,JA Warrican,0,0,,,,,,"",""
ball,3,52.1,Australia,TM Head,BJ Webster,S Joseph,4,0,,,,,,"",""
ball,3,52.2,Australia,TM Head,BJ Webster,S Joseph,0,0,,,,,,"",""
ball,3,52.3,Australia,TM Head,BJ Webster,S Joseph,4,0,,,,,,"",""
ball,3,52.4,Australia,TM Head,BJ Webster,S Joseph,0,0,,,,,,"",""
ball,3,52.5,Australia,TM Head,BJ Webster,S Joseph,0,0,,,,,,"",""
ball,3,52.6,Australia,TM Head,BJ Webster,S Joseph,0,0,,,,,,lbw,TM Head
ball,3,53.1,Australia,BJ Webster,AT Carey,JA Warrican,1,0,,,,,,"",""
ball,3,53.2,Australia,AT Carey,BJ Webster,JA Warrican,2,0,,,,,,"",""
ball,3,53.3,Australia,AT Carey,BJ Webster,JA Warrican,1,0,,,,,,"",""
ball,3,53.4,Australia,BJ Webster,AT Carey,JA Warrican,0,0,,,,,,"",""
ball,3,53.5,Australia,BJ Webster,AT Carey,JA Warrican,0,0,,,,,,"",""
ball,3,53.6,Australia,BJ Webster,AT Carey,JA Warrican,0,0,,,,,,"",""
ball,3,54.1,Australia,AT Carey,BJ Webster,S Joseph,0,0,,,,,,"",""
ball,3,54.2,Australia,AT Carey,BJ Webster,S Joseph,0,0,,,,,,"",""
ball,3,54.3,Australia,AT Carey,BJ Webster,S Joseph,0,0,,,,,,"",""
ball,3,54.4,Australia,AT Carey,BJ Webster,S Joseph,0,0,,,,,,"",""
ball,3,54.5,Australia,AT Carey,BJ Webster,S Joseph,1,0,,,,,,"",""
ball,3,54.6,Australia,BJ Webster,AT Carey,S Joseph,1,0,,,,,,"",""
ball,3,55.1,Australia,BJ Webster,AT Carey,JNT Seales,0,0,,,,,,"",""
ball,3,55.2,Australia,BJ Webster,AT Carey,JNT Seales,0,0,,,,,,"",""
ball,3,55.3,Australia,BJ Webster,AT Carey,JNT Seales,0,0,,,,,,"",""
ball,3,55.4,Australia,BJ Webster,AT Carey,JNT Seales,0,0,,,,,,"",""
ball,3,55.5,Australia,BJ Webster,AT Carey,JNT Seales,0,0,,,,,,"",""
ball,3,55.6,Australia,BJ Webster,AT Carey,JNT Seales,1,0,,,,,,"",""
ball,3,56.1,Australia,BJ Webster,AT Carey,S Joseph,1,0,,,,,,"",""
ball,3,56.2,Australia,AT Carey,BJ Webster,S Joseph,0,1,,1,,,,"",""
ball,3,56.3,Australia,AT Carey,BJ Webster,S Joseph,4,1,,1,,,,"",""
ball,3,56.4,Australia,AT Carey,BJ Webster,S Joseph,0,0,,,,,,"",""
ball,3,56.5,Australia,AT Carey,BJ Webster,S Joseph,0,0,,,,,,"",""
ball,3,56.6,Australia,AT Carey,BJ Webster,S Joseph,0,0,,,,,,"",""
ball,3,56.7,Australia,AT Carey,BJ Webster,S Joseph,0,0,,,,,,"",""
ball,3,56.8,Australia,AT Carey,BJ Webster,S Joseph,0,0,,,,,,"",""
ball,3,57.1,Australia,BJ Webster,AT Carey,JNT Seales,0,0,,,,,,"",""
ball,3,57.2,Australia,BJ Webster,AT Carey,JNT Seales,4,0,,,,,,"",""
ball,3,57.3,Australia,BJ Webster,AT Carey,JNT Seales,0,0,,,,,,"",""
ball,3,57.4,Australia,BJ Webster,AT Carey,JNT Seales,1,0,,,,,,"",""
ball,3,57.5,Australia,AT Carey,BJ Webster,JNT Seales,0,0,,,,,,"",""
ball,3,57.6,Australia,AT Carey,BJ Webster,JNT Seales,0,0,,,,,,"",""
ball,3,58.1,Australia,BJ Webster,AT Carey,S Joseph,1,0,,,,,,"",""
ball,3,58.2,Australia,AT Carey,BJ Webster,S Joseph,0,0,,,,,,"",""
ball,3,58.3,Australia,AT Carey,BJ Webster,S Joseph,1,0,,,,,,"",""
ball,3,58.4,Australia,BJ Webster,AT Carey,S Joseph,0,0,,,,,,"",""
ball,3,58.5,Australia,BJ Webster,AT Carey,S Joseph,1,0,,,,,,"",""
ball,3,58.6,Australia,AT Carey,BJ Webster,S Joseph,0,0,,,,,,"",""
ball,3,59.1,Australia,BJ Webster,AT Carey,JNT Seales,0,0,,,,,,"",""
ball,3,59.2,Australia,BJ Webster,AT Carey,JNT Seales,0,0,,,,,,"",""
ball,3,59.3,Australia,BJ Webster,AT Carey,JNT Seales,0,0,,,,,,"",""
ball,3,59.4,Australia,BJ Webster,AT Carey,JNT Seales,0,0,,,,,,"",""
ball,3,59.5,Australia,BJ Webster,AT Carey,JNT Seales,2,0,,,,,,"",""
ball,3,59.6,Australia,BJ Webster,AT Carey,JNT Seales,0,0,,,,,,"",""
ball,3,60.1,Australia,AT Carey,BJ Webster,S Joseph,0,0,,,,,,"",""
ball,3,60.2,Australia,AT Carey,BJ Webster,S Joseph,1,0,,,,,,"",""
ball,3,60.3,Australia,BJ Webster,AT Carey,S Joseph,0,0,,,,,,"",""
ball,3,60.4,Australia,BJ Webster,AT Carey,S Joseph,1,0,,,,,,"",""
ball,3,60.5,Australia,AT Carey,BJ Webster,S Joseph,0,0,,,,,,"",""
ball,3,60.6,Australia,AT Carey,BJ Webster,S Joseph,0,0,,,,,,"",""
ball,3,61.1,Australia,BJ Webster,AT Carey,JNT Seales,0,0,,,,,,"",""
ball,3,61.2,Australia,BJ Webster,AT Carey,JNT Seales,0,0,,,,,,"",""
ball,3,61.3,Australia,BJ Webster,AT Carey,JNT Seales,0,0,,,,,,"",""
ball,3,61.4,Australia,BJ Webster,AT Carey,JNT Seales,0,0,,,,,,"",""
ball,3,61.5,Australia,BJ Webster,AT Carey,JNT Seales,4,0,,,,,,"",""
ball,3,61.6,Australia,BJ Webster,AT Carey,JNT Seales,0,0,,,,,,"",""
ball,3,62.1,Australia,AT Carey,BJ Webster,S Joseph,2,0,,,,,,"",""
ball,3,62.2,Australia,AT Carey,BJ Webster,S Joseph,4,0,,,,,,"",""
ball,3,62.3,Australia,AT Carey,BJ Webster,S Joseph,0,0,,,,,,"",""
ball,3,62.4,Australia,AT Carey,BJ Webster,S Joseph,4,0,,,,,,"",""
ball,3,62.5,Australia,AT Carey,BJ Webster,S Joseph,1,0,,,,,,"",""
ball,3,62.6,Australia,BJ Webster,AT Carey,S Joseph,0,0,,,,,,caught,BJ Webster
ball,3,63.1,Australia,AT Carey,PJ Cummins,JNT Seales,4,0,,,,,,"",""
ball,3,63.2,Australia,AT Carey,PJ Cummins,JNT Seales,0,0,,,,,,"",""
ball,3,63.3,Australia,AT Carey,PJ Cummins,JNT Seales,6,0,,,,,,"",""
ball,3,63.4,Australia,AT Carey,PJ Cummins,JNT Seales,4,0,,,,,,"",""
ball,3,63.5,Australia,AT Carey,PJ Cummins,JNT Seales,0,0,,,,,,"",""
ball,3,63.6,Australia,AT Carey,PJ Cummins,JNT Seales,0,0,,,,,,"",""
ball,3,64.1,Australia,PJ Cummins,AT Carey,S Joseph,0,0,,,,,,"",""
ball,3,64.2,Australia,PJ Cummins,AT Carey,S Joseph,0,0,,,,,,"",""
ball,3,64.3,Australia,PJ Cummins,AT Carey,S Joseph,0,0,,,,,,"",""
ball,3,64.4,Australia,PJ Cummins,AT Carey,S Joseph,1,0,,,,,,"",""
ball,3,64.5,Australia,AT Carey,PJ Cummins,S Joseph,0,0,,,,,,"",""
ball,3,64.6,Australia,AT Carey,PJ Cummins,S Joseph,3,0,,,,,,"",""
ball,3,65.1,Australia,AT Carey,PJ Cummins,AS Joseph,4,0,,,,,,"",""
ball,3,65.2,Australia,AT Carey,PJ Cummins,AS Joseph,1,0,,,,,,"",""
ball,3,65.3,Australia,PJ Cummins,AT Carey,AS Joseph,0,0,,,,,,"",""
ball,3,65.4,Australia,PJ Cummins,AT Carey,AS Joseph,2,0,,,,,,"",""
ball,3,65.5,Australia,PJ Cummins,AT Carey,AS Joseph,0,0,,,,,,"",""
ball,3,65.6,Australia,PJ Cummins,AT Carey,AS Joseph,3,0,,,,,,"",""
ball,3,66.1,Australia,PJ Cummins,AT Carey,JP Greaves,0,0,,,,,,"",""
ball,3,66.2,Australia,PJ Cummins,AT Carey,JP Greaves,0,0,,,,,,"",""
ball,3,66.3,Australia,PJ Cummins,AT Carey,JP Greaves,1,0,,,,,,"",""
ball,3,66.4,Australia,AT Carey,PJ Cummins,JP Greaves,1,0,,,,,,"",""
ball,3,66.5,Australia,PJ Cummins,AT Carey,JP Greaves,0,1,,,,1,,"",""
ball,3,66.6,Australia,AT Carey,PJ Cummins,JP Greaves,6,0,,,,,,"",""
ball,3,67.1,Australia,PJ Cummins,AT Carey,AS Joseph,2,0,,,,,,"",""
ball,3,67.2,Australia,PJ Cummins,AT Carey,AS Joseph,0,0,,,,,,caught,PJ Cummins
ball,3,67.3,Australia,MA Starc,AT Carey,AS Joseph,0,0,,,,,,"",""
ball,3,67.4,Australia,MA Starc,AT Carey,AS Joseph,0,0,,,,,,"",""
ball,3,67.5,Australia,MA Starc,AT Carey,AS Joseph,0,0,,,,,,"",""
ball,3,67.6,Australia,MA Starc,AT Carey,AS Joseph,1,0,,,,,,"",""
ball,3,68.1,Australia,MA Starc,AT Carey,JP Greaves,0,0,,,,,,"",""
ball,3,68.2,Australia,MA Starc,AT Carey,JP Greaves,0,0,,,,,,"",""
ball,3,68.3,Australia,MA Starc,AT Carey,JP Greaves,0,0,,,,,,"",""
ball,3,68.4,Australia,MA Starc,AT Carey,JP Greaves,4,0,,,,,,"",""
ball,3,68.5,Australia,MA Starc,AT Carey,JP Greaves,4,0,,,,,,"",""
ball,3,68.6,Australia,MA Starc,AT Carey,JP Greaves,1,0,,,,,,"",""
ball,3,69.1,Australia,MA Starc,AT Carey,AS Joseph,0,0,,,,,,"",""
ball,3,69.2,Australia,MA Starc,AT Carey,AS Joseph,4,0,,,,,,"",""
ball,3,69.3,Australia,MA Starc,AT Carey,AS Joseph,0,0,,,,,,"",""
ball,3,69.4,Australia,MA Starc,AT Carey,AS Joseph,1,0,,,,,,"",""
ball,3,69.5,Australia,AT Carey,MA Starc,AS Joseph,1,0,,,,,,"",""
ball,3,69.6,Australia,MA Starc,AT Carey,AS Joseph,1,0,,,,,,"",""
ball,3,70.1,Australia,MA Starc,AT Carey,S Joseph,0,0,,,,,,"",""
ball,3,70.2,Australia,MA Starc,AT Carey,S Joseph,0,0,,,,,,bowled,MA Starc
ball,3,70.3,Australia,NM Lyon,AT Carey,S Joseph,0,0,,,,,,"",""
ball,3,70.4,Australia,NM Lyon,AT Carey,S Joseph,0,0,,,,,,"",""
ball,3,70.5,Australia,NM Lyon,AT Carey,S Joseph,0,0,,,,,,"",""
ball,3,70.6,Australia,NM Lyon,AT Carey,S Joseph,0,0,,,,,,"",""
ball,3,71.1,Australia,AT Carey,NM Lyon,AS Joseph,0,0,,,,,,"",""
ball,3,71.2,Australia,AT Carey,NM Lyon,AS Joseph,0,0,,,,,,"",""
ball,3,71.3,Australia,AT Carey,NM Lyon,AS Joseph,0,0,,,,,,"",""
ball,3,71.4,Australia,AT Carey,NM Lyon,AS Joseph,0,0,,,,,,"",""
ball,3,71.5,Australia,AT Carey,NM Lyon,AS Joseph,0,0,,,,,,"",""
ball,3,71.6,Australia,AT Carey,NM Lyon,AS Joseph,0,0,,,,,,"",""
ball,3,72.1,Australia,NM Lyon,AT Carey,S Joseph,4,0,,,,,,"",""
ball,3,72.2,Australia,NM Lyon,AT Carey,S Joseph,1,1,,1,,,,"",""
ball,3,72.3,Australia,AT Carey,NM Lyon,S Joseph,4,0,,,,,,"",""
ball,3,72.4,Australia,AT Carey,NM Lyon,S Joseph,1,0,,,,,,"",""
ball,3,72.5,Australia,NM Lyon,AT Carey,S Joseph,0,0,,,,,,"",""
ball,3,72.6,Australia,NM Lyon,AT Carey,S Joseph,0,0,,,,,,"",""
ball,3,72.7,Australia,NM Lyon,AT Carey,S Joseph,0,0,,,,,,"",""
ball,3,73.1,Australia,AT Carey,NM Lyon,AS Joseph,0,0,,,,,,"",""
ball,3,73.2,Australia,AT Carey,NM Lyon,AS Joseph,0,0,,,,,,"",""
ball,3,73.3,Australia,AT Carey,NM Lyon,AS Joseph,2,0,,,,,,"",""
ball,3,73.4,Australia,AT Carey,NM Lyon,AS Joseph,0,0,,,,,,"",""
ball,3,73.5,Australia,AT Carey,NM Lyon,AS Joseph,1,0,,,,,,"",""
ball,3,73.6,Australia,NM Lyon,AT Carey,AS Joseph,0,0,,,,,,"",""
ball,3,74.1,Australia,AT Carey,NM Lyon,S Joseph,0,0,,,,,,"",""
ball,3,74.2,Australia,AT Carey,NM Lyon,S Joseph,2,1,,1,,,,"",""
ball,3,74.3,Australia,AT Carey,NM Lyon,S Joseph,0,1,,1,,,,"",""
ball,3,74.4,Australia,AT Carey,NM Lyon,S Joseph,0,0,,,,,,"",""
ball,3,74.5,Australia,AT Carey,NM Lyon,S Joseph,0,0,,,,,,"",""
ball,3,74.6,Australia,AT Carey,NM Lyon,S Joseph,1,1,,1,,,,"",""
ball,3,74.7,Australia,NM Lyon,AT Carey,S Joseph,0,0,,,,,,"",""
ball,3,74.8,Australia,NM Lyon,AT Carey,S Joseph,0,0,,,,,,"",""
ball,3,74.9,Australia,NM Lyon,AT Carey,S Joseph,4,0,,,,,,"",""
ball,3,75.1,Australia,AT Carey,NM Lyon,JA Warrican,0,0,,,,,,"",""
ball,3,75.2,Australia,AT Carey,NM Lyon,JA Warrican,0,0,,,,,,"",""
ball,3,75.3,Australia,AT Carey,NM Lyon,JA Warrican,0,0,,,,,,"",""
ball,3,75.4,Australia,AT Carey,NM Lyon,JA Warrican,1,0,,,,,,"",""
ball,3,75.5,Australia,NM Lyon,AT Carey,JA Warrican,0,0,,,,,,"",""
ball,3,75.6,Australia,NM Lyon,AT Carey,JA Warrican,0,0,,,,,,"",""
ball,3,76.1,Australia,AT Carey,NM Lyon,S Joseph,0,0,,,,,,"",""
ball,3,76.2,Australia,AT Carey,NM Lyon,S Joseph,0,0,,,,,,"",""
ball,3,76.3,Australia,AT Carey,NM Lyon,S Joseph,0,0,,,,,,"",""
ball,3,76.4,Australia,AT Carey,NM Lyon,S Joseph,1,0,,,,,,"",""
ball,3,76.5,Australia,NM Lyon,AT Carey,S Joseph,0,0,,,,,,"",""
ball,3,76.6,Australia,NM Lyon,AT Carey,S Joseph,0,0,,,,,,"",""
ball,3,77.1,Australia,AT Carey,NM Lyon,JA Warrican,0,0,,,,,,"",""
ball,3,77.2,Australia,AT Carey,NM Lyon,JA Warrican,0,0,,,,,,"",""
ball,3,77.3,Australia,AT Carey,NM Lyon,JA Warrican,0,0,,,,,,"",""
ball,3,77.4,Australia,AT Carey,NM Lyon,JA Warrican,1,0,,,,,,"",""
ball,3,77.5,Australia,NM Lyon,AT Carey,JA Warrican,0,0,,,,,,"",""
ball,3,77.6,Australia,NM Lyon,AT Carey,JA Warrican,0,0,,,,,,"",""
ball,3,78.1,Australia,AT Carey,NM Lyon,RL Chase,0,0,,,,,,"",""
ball,3,78.2,Australia,AT Carey,NM Lyon,RL Chase,0,0,,,,,,"",""
ball,3,78.3,Australia,AT Carey,NM Lyon,RL Chase,0,0,,,,,,caught,AT Carey
ball,3,78.4,Australia,JR Hazlewood,NM Lyon,RL Chase,0,0,,,,,,"",""
ball,3,78.5,Australia,JR Hazlewood,NM Lyon,RL Chase,0,0,,,,,,"",""
ball,3,78.6,Australia,JR Hazlewood,NM Lyon,RL Chase,0,0,,,,,,"",""
ball,3,79.1,Australia,NM Lyon,JR Hazlewood,JA Warrican,0,2,,,,2,,"",""
ball,3,79.2,Australia,NM Lyon,JR Hazlewood,JA Warrican,1,0,,,,,,"",""
ball,3,79.3,Australia,JR Hazlewood,NM Lyon,JA Warrican,1,0,,,,,,"",""
ball,3,79.4,Australia,NM Lyon,JR Hazlewood,JA Warrican,2,0,,,,,,"",""
ball,3,79.5,Australia,NM Lyon,JR Hazlewood,JA Warrican,0,0,,,,,,"",""
ball,3,79.6,Australia,NM Lyon,JR Hazlewood,JA Warrican,0,0,,,,,,"",""
ball,3,80.1,Australia,JR Hazlewood,NM Lyon,JNT Seales,4,0,,,,,,"",""
ball,3,80.2,Australia,JR Hazlewood,NM Lyon,JNT Seales,0,0,,,,,,"",""
ball,3,80.3,Australia,JR Hazlewood,NM Lyon,JNT Seales,4,0,,,,,,"",""
ball,3,80.4,Australia,JR Hazlewood,NM Lyon,JNT Seales,1,0,,,,,,"",""
ball,3,80.5,Australia,NM Lyon,JR Hazlewood,JNT Seales,0,0,,,,,,"",""
ball,3,80.6,Australia,NM Lyon,JR Hazlewood,JNT Seales,0,1,,,,1,,"",""
ball,3,81.1,Australia,NM Lyon,JR Hazlewood,S Joseph,1,0,,,,,,"",""
ball,3,81.2,Australia,JR Hazlewood,NM Lyon,S Joseph,2,0,,,,,,"",""
ball,3,81.3,Australia,JR Hazlewood,NM Lyon,S Joseph,0,0,,,,,,"",""
ball,3,81.4,Australia,JR Hazlewood,NM Lyon,S Joseph,0,0,,,,,,"",""
ball,3,81.5,Australia,JR Hazlewood,NM Lyon,S Joseph,0,0,,,,,,bowled,JR Hazlewood
ball,4,0.1,West Indies,KC Brathwaite,JD Campbell,MA Starc,0,0,,,,,,"",""
ball,4,0.2,West Indies,KC Brathwaite,JD Campbell,MA Starc,0,0,,,,,,"",""
ball,4,0.3,West Indies,KC Brathwaite,JD Campbell,MA Starc,0,0,,,,,,"",""
ball,4,0.4,West Indies,KC Brathwaite,JD Campbell,MA Starc,2,0,,,,,,"",""
ball,4,0.5,West Indies,KC Brathwaite,JD Campbell,MA Starc,2,0,,,,,,"",""
ball,4,0.6,West Indies,KC Brathwaite,JD Campbell,MA Starc,0,0,,,,,,caught,KC Brathwaite
ball,4,1.1,West Indies,JD Campbell,KU Carty,JR Hazlewood,0,0,,,,,,"",""
ball,4,1.2,West Indies,JD Campbell,KU Carty,JR Hazlewood,0,0,,,,,,"",""
ball,4,1.3,West Indies,JD Campbell,KU Carty,JR Hazlewood,0,0,,,,,,"",""
ball,4,1.4,West Indies,JD Campbell,KU Carty,JR Hazlewood,0,0,,,,,,"",""
ball,4,1.5,West Indies,JD Campbell,KU Carty,JR Hazlewood,4,0,,,,,,"",""
ball,4,1.6,West Indies,JD Campbell,KU Carty,JR Hazlewood,2,0,,,,,,"",""
ball,4,2.1,West Indies,KU Carty,JD Campbell,MA Starc,0,0,,,,,,"",""
ball,4,2.2,West Indies,KU Carty,JD Campbell,MA Starc,0,0,,,,,,"",""
ball,4,2.3,West Indies,KU Carty,JD Campbell,MA Starc,0,0,,,,,,"",""
ball,4,2.4,West Indies,KU Carty,JD Campbell,MA Starc,1,0,,,,,,"",""
ball,4,2.5,West Indies,JD Campbell,KU Carty,MA Starc,0,0,,,,,,"",""
ball,4,2.6,West Indies,JD Campbell,KU Carty,MA Starc,1,0,,,,,,"",""
ball,4,3.1,West Indies,JD Campbell,KU Carty,JR Hazlewood,2,0,,,,,,"",""
ball,4,3.2,West Indies,JD Campbell,KU Carty,JR Hazlewood,0,0,,,,,,"",""
ball,4,3.3,West Indies,JD Campbell,KU Carty,JR Hazlewood,4,0,,,,,,"",""
ball,4,3.4,West Indies,JD Campbell,KU Carty,JR Hazlewood,0,0,,,,,,"",""
ball,4,3.5,West Indies,JD Campbell,KU Carty,JR Hazlewood,0,0,,,,,,"",""
ball,4,3.6,West Indies,JD Campbell,KU Carty,JR Hazlewood,0,0,,,,,,"",""
ball,4,4.1,West Indies,KU Carty,JD Campbell,MA Starc,0,0,,,,,,"",""
ball,4,4.2,West Indies,KU Carty,JD Campbell,MA Starc,0,0,,,,,,"",""
ball,4,4.3,West Indies,KU Carty,JD Campbell,MA Starc,0,0,,,,,,"",""
ball,4,4.4,West Indies,KU Carty,JD Campbell,MA Starc,1,0,,,,,,"",""
ball,4,4.5,West Indies,JD Campbell,KU Carty,MA Starc,0,0,,,,,,"",""
ball,4,4.6,West Indies,JD Campbell,KU Carty,MA Starc,0,0,,,,,,"",""
ball,4,5.1,West Indies,KU Carty,JD Campbell,JR Hazlewood,3,0,,,,,,"",""
ball,4,5.2,West Indies,JD Campbell,KU Carty,JR Hazlewood,1,0,,,,,,"",""
ball,4,5.3,West Indies,KU Carty,JD Campbell,JR Hazlewood,0,0,,,,,,"",""
ball,4,5.4,West Indies,KU Carty,JD Campbell,JR Hazlewood,0,0,,,,,,"",""
ball,4,5.5,West Indies,KU Carty,JD Campbell,JR Hazlewood,2,0,,,,,,"",""
ball,4,5.6,West Indies,KU Carty,JD Campbell,JR Hazlewood,0,0,,,,,,"",""
ball,4,6.1,West Indies,JD Campbell,KU Carty,MA Starc,0,0,,,,,,"",""
ball,4,6.2,West Indies,JD Campbell,KU Carty,MA Starc,0,0,,,,,,"",""
ball,4,6.3,West Indies,JD Campbell,KU Carty,MA Starc,0,0,,,,,,"",""
ball,4,6.4,West Indies,JD Campbell,KU Carty,MA Starc,0,0,,,,,,"",""
ball,4,6.5,West Indies,JD Campbell,KU Carty,MA Starc,0,0,,,,,,"",""
ball,4,6.6,West Indies,JD Campbell,KU Carty,MA Starc,0,0,,,,,,"",""
ball,4,7.1,West Indies,KU Carty,JD Campbell,PJ Cummins,2,0,,,,,,"",""
ball,4,7.2,West Indies,KU Carty,JD Campbell,PJ Cummins,0,0,,,,,,"",""
ball,4,7.3,West Indies,KU Carty,JD Campbell,PJ Cummins,0,0,,,,,,"",""
ball,4,7.4,West Indies,KU Carty,JD Campbell,PJ Cummins,0,4,,,,4,,"",""
ball,4,7.5,West Indies,KU Carty,JD Campbell,PJ Cummins,4,0,,,,,,"",""
ball,4,7.6,West Indies,KU Carty,JD Campbell,PJ Cummins,0,0,,,,,,"",""
ball,4,8.1,West Indies,JD Campbell,KU Carty,MA Starc,0,0,,,,,,"",""
ball,4,8.2,West Indies,JD Campbell,KU Carty,MA Starc,0,1,,,,1,,"",""
ball,4,8.3,West Indies,KU Carty,JD Campbell,MA Starc,1,0,,,,,,"",""
ball,4,8.4,West Indies,JD Campbell,KU Carty,MA Starc,0,0,,,,,,"",""
ball,4,8.5,West Indies,JD Campbell,KU Carty,MA Starc,4,0,,,,,,"",""
ball,4,8.6,West Indies,JD Campbell,KU Carty,MA Starc,4,0,,,,,,"",""
ball,4,9.1,West Indies,KU Carty,JD Campbell,PJ Cummins,0,0,,,,,,"",""
ball,4,9.2,West Indies,KU Carty,JD Campbell,PJ Cummins,0,0,,,,,,"",""
ball,4,9.3,West Indies,KU Carty,JD Campbell,PJ Cummins,0,0,,,,,,"",""
ball,4,9.4,West Indies,KU Carty,JD Campbell,PJ Cummins,1,0,,,,,,"",""
ball,4,9.5,West Indies,JD Campbell,KU Carty,PJ Cummins,0,0,,,,,,"",""
ball,4,9.6,West Indies,JD Campbell,KU Carty,PJ Cummins,1,0,,,,,,"",""
ball,4,10.1,West Indies,JD Campbell,KU Carty,JR Hazlewood,0,0,,,,,,caught,JD Campbell
ball,4,10.2,West Indies,BA King,KU Carty,JR Hazlewood,0,0,,,,,,caught,BA King
ball,4,10.3,West Indies,RL Chase,KU Carty,JR Hazlewood,0,0,,,,,,"",""
ball,4,10.4,West Indies,RL Chase,KU Carty,JR Hazlewood,0,0,,,,,,"",""
ball,4,10.5,West Indies,RL Chase,KU Carty,JR Hazlewood,1,0,,,,,,"",""
ball,4,10.6,West Indies,KU Carty,RL Chase,JR Hazlewood,0,0,,,,,,"",""
ball,4,11.1,West Indies,RL Chase,KU Carty,PJ Cummins,0,0,,,,,,"",""
ball,4,11.2,West Indies,RL Chase,KU Carty,PJ Cummins,1,0,,,,,,"",""
ball,4,11.3,West Indies,KU Carty,RL Chase,PJ Cummins,0,0,,,,,,"",""
ball,4,11.4,West Indies,KU Carty,RL Chase,PJ Cummins,0,0,,,,,,"",""
ball,4,11.5,West Indies,KU Carty,RL Chase,PJ Cummins,0,0,,,,,,"",""
ball,4,11.6,West Indies,KU Carty,RL Chase,PJ Cummins,0,0,,,,,,"",""
ball,4,12.1,West Indies,RL Chase,KU Carty,JR Hazlewood,0,0,,,,,,"",""
ball,4,12.2,West Indies,RL Chase,KU Carty,JR Hazlewood,0,0,,,,,,"",""
ball,4,12.3,West Indies,RL Chase,KU Carty,JR Hazlewood,0,0,,,,,,"",""
ball,4,12.4,West Indies,RL Chase,KU Carty,JR Hazlewood,0,0,,,,,,"",""
ball,4,12.5,West Indies,RL Chase,KU Carty,JR Hazlewood,0,0,,,,,,caught,RL Chase
ball,4,12.6,West Indies,SD Hope,KU Carty,JR Hazlewood,0,0,,,,,,"",""
ball,4,13.1,West Indies,KU Carty,SD Hope,PJ Cummins,0,0,,,,,,"",""
ball,4,13.2,West Indies,KU Carty,SD Hope,PJ Cummins,0,0,,,,,,"",""
ball,4,13.3,West Indies,KU Carty,SD Hope,PJ Cummins,1,0,,,,,,"",""
ball,4,13.4,West Indies,SD Hope,KU Carty,PJ Cummins,0,0,,,,,,"",""
ball,4,13.5,West Indies,SD Hope,KU Carty,PJ Cummins,1,0,,,,,,"",""
ball,4,13.6,West Indies,KU Carty,SD Hope,PJ Cummins,2,0,,,,,,"",""
ball,4,14.1,West Indies,SD Hope,KU Carty,JR Hazlewood,1,0,,,,,,"",""
ball,4,14.2,West Indies,KU Carty,SD Hope,JR Hazlewood,0,0,,,,,,"",""
ball,4,14.3,West Indies,KU Carty,SD Hope,JR Hazlewood,2,0,,,,,,"",""
ball,4,14.4,West Indies,KU Carty,SD Hope,JR Hazlewood,0,0,,,,,,bowled,KU Carty
ball,4,14.5,West Indies,JP Greaves,SD Hope,JR Hazlewood,1,0,,,,,,"",""
ball,4,14.6,West Indies,SD Hope,JP Greaves,JR Hazlewood,0,0,,,,,,"",""
ball,4,15.1,West Indies,JP Greaves,SD Hope,BJ Webster,0,0,,,,,,"",""
ball,4,15.2,West Indies,JP Greaves,SD Hope,BJ Webster,0,0,,,,,,"",""
ball,4,15.3,West Indies,JP Greaves,SD Hope,BJ Webster,0,0,,,,,,"",""
ball,4,15.4,West Indies,JP Greaves,SD Hope,BJ Webster,0,0,,,,,,"",""
ball,4,15.5,West Indies,JP Greaves,SD Hope,BJ Webster,0,0,,,,,,"",""
ball,4,15.6,West Indies,JP Greaves,SD Hope,BJ Webster,0,0,,,,,,"",""
ball,4,16.1,West Indies,SD Hope,JP Greaves,JR Hazlewood,0,0,,,,,,"",""
ball,4,16.2,West Indies,SD Hope,JP Greaves,JR Hazlewood,0,0,,,,,,"",""
ball,4,16.3,West Indies,SD Hope,JP Greaves,JR Hazlewood,0,0,,,,,,"",""
ball,4,16.4,West Indies,SD Hope,JP Greaves,JR Hazlewood,0,0,,,,,,"",""
ball,4,16.5,West Indies,SD Hope,JP Greaves,JR Hazlewood,0,0,,,,,,"",""
ball,4,16.6,West Indies,SD Hope,JP Greaves,JR Hazlewood,0,0,,,,,,"",""
ball,4,17.1,West Indies,JP Greaves,SD Hope,BJ Webster,0,0,,,,,,"",""
ball,4,17.2,West Indies,JP Greaves,SD Hope,BJ Webster,0,0,,,,,,"",""
ball,4,17.3,West Indies,JP Greaves,SD Hope,BJ Webster,4,0,,,,,,"",""
ball,4,17.4,West Indies,JP Greaves,SD Hope,BJ Webster,0,0,,,,,,"",""
ball,4,17.5,West Indies,JP Greaves,SD Hope,BJ Webster,0,0,,,,,,"",""
ball,4,17.6,West Indies,JP Greaves,SD Hope,BJ Webster,0,0,,,,,,"",""
ball,4,18.1,West Indies,SD Hope,JP Greaves,JR Hazlewood,0,0,,,,,,"",""
ball,4,18.2,West Indies,SD Hope,JP Greaves,JR Hazlewood,0,0,,,,,,"",""
ball,4,18.3,West Indies,SD Hope,JP Greaves,JR Hazlewood,0,0,,,,,,"",""
ball,4,18.4,West Indies,SD Hope,JP Greaves,JR Hazlewood,0,0,,,,,,"",""
ball,4,18.5,West Indies,SD Hope,JP Greaves,JR Hazlewood,0,0,,,,,,"",""
ball,4,18.6,West Indies,SD Hope,JP Greaves,JR Hazlewood,0,0,,,,,,"",""
ball,4,19.1,West Indies,JP Greaves,SD Hope,BJ Webster,0,0,,,,,,"",""
ball,4,19.2,West Indies,JP Greaves,SD Hope,BJ Webster,0,0,,,,,,"",""
ball,4,19.3,West Indies,JP Greaves,SD Hope,BJ Webster,0,0,,,,,,"",""
ball,4,19.4,West Indies,JP Greaves,SD Hope,BJ Webster,0,0,,,,,,"",""
ball,4,19.5,West Indies,JP Greaves,SD Hope,BJ Webster,0,0,,,,,,"",""
ball,4,19.6,West Indies,JP Greaves,SD Hope,BJ Webster,0,0,,,,,,"",""
ball,4,20.1,West Indies,SD Hope,JP Greaves,PJ Cummins,0,0,,,,,,"",""
ball,4,20.2,West Indies,SD Hope,JP Greaves,PJ Cummins,0,0,,,,,,"",""
ball,4,20.3,West Indies,SD Hope,JP Greaves,PJ Cummins,0,0,,,,,,"",""
ball,4,20.4,West Indies,SD Hope,JP Greaves,PJ Cummins,0,0,,,,,,bowled,SD Hope
ball,4,20.5,West Indies,AS Joseph,JP Greaves,PJ Cummins,0,0,,,,,,"",""
ball,4,20.6,West Indies,AS Joseph,JP Greaves,PJ Cummins,0,0,,,,,,"",""
ball,4,21.1,West Indies,JP Greaves,AS Joseph,MA Starc,0,0,,,,,,"",""
ball,4,21.2,West Indies,JP Greaves,AS Joseph,MA Starc,4,0,,,,,,"",""
ball,4,21.3,West Indies,JP Greaves,AS Joseph,MA Starc,4,0,,,,,,"",""
ball,4,21.4,West Indies,JP Greaves,AS Joseph,MA Starc,0,0,,,,,,"",""
ball,4,21.5,West Indies,JP Greaves,AS Joseph,MA Starc,0,0,,,,,,"",""
ball,4,21.6,West Indies,JP Greaves,AS Joseph,MA Starc,4,0,,,,,,"",""
ball,4,22.1,West Indies,AS Joseph,JP Greaves,PJ Cummins,0,0,,,,,,"",""
ball,4,22.2,West Indies,AS Joseph,JP Greaves,PJ Cummins,0,0,,,,,,"",""
ball,4,22.3,West Indies,AS Joseph,JP Greaves,PJ Cummins,0,0,,,,,,"",""
ball,4,22.4,West Indies,AS Joseph,JP Greaves,PJ Cummins,0,0,,,,,,"",""
ball,4,22.5,West Indies,AS Joseph,JP Greaves,PJ Cummins,0,0,,,,,,"",""
ball,4,22.6,West Indies,AS Joseph,JP Greaves,PJ Cummins,0,0,,,,,,"",""
ball,4,23.1,West Indies,JP Greaves,AS Joseph,MA Starc,0,0,,,,,,run out,AS Joseph
ball,4,23.2,West Indies,JA Warrican,JP Greaves,MA Starc,0,0,,,,,,"",""
ball,4,23.3,West Indies,JA Warrican,JP Greaves,MA Starc,0,0,,,,,,"",""
ball,4,23.4,West Indies,JA Warrican,JP Greaves,MA Starc,0,0,,,,,,"",""
ball,4,23.5,West Indies,JA Warrican,JP Greaves,MA Starc,1,0,,,,,,"",""
ball,4,23.6,West Indies,JP Greaves,JA Warrican,MA Starc,0,0,,,,,,"",""
ball,4,24.1,West Indies,JA Warrican,JP Greaves,PJ Cummins,0,0,,,,,,"",""
ball,4,24.2,West Indies,JA Warrican,JP Greaves,PJ Cummins,0,0,,,,,,"",""
ball,4,24.3,West Indies,JA Warrican,JP Greaves,PJ Cummins,0,0,,,,,,"",""
ball,4,24.4,West Indies,JA Warrican,JP Greaves,PJ Cummins,0,0,,,,,,"",""
ball,4,24.5,West Indies,JA Warrican,JP Greaves,PJ Cummins,2,0,,,,,,"",""
ball,4,24.6,West Indies,JA Warrican,JP Greaves,PJ Cummins,0,0,,,,,,"",""
ball,4,25.1,West Indies,JP Greaves,JA Warrican,BJ Webster,4,0,,,,,,"",""
ball,4,25.2,West Indies,JP Greaves,JA Warrican,BJ Webster,0,0,,,,,,"",""
ball,4,25.3,West Indies,JP Greaves,JA Warrican,BJ Webster,2,0,,,,,,"",""
ball,4,25.4,West Indies,JP Greaves,JA Warrican,BJ Webster,0,0,,,,,,"",""
ball,4,25.5,West Indies,JP Greaves,JA Warrican,BJ Webster,4,0,,,,,,"",""
ball,4,25.6,West Indies,JP Greaves,JA Warrican,BJ Webster,0,0,,,,,,"",""
ball,4,26.1,West Indies,JA Warrican,JP Greaves,JR Hazlewood,0,0,,,,,,"",""
ball,4,26.2,West Indies,JA Warrican,JP Greaves,JR Hazlewood,0,0,,,,,,"",""
ball,4,26.3,West Indies,JA Warrican,JP Greaves,JR Hazlewood,0,0,,,,,,caught,JA Warrican
ball,4,26.4,West Indies,S Joseph,JP Greaves,JR Hazlewood,1,0,,,,,,"",""
ball,4,26.5,West Indies,JP Greaves,S Joseph,JR Hazlewood,0,0,,,,,,"",""
ball,4,26.6,West Indies,JP Greaves,S Joseph,JR Hazlewood,4,0,,,,,,"",""
ball,4,27.1,West Indies,S Joseph,JP Greaves,MA Starc,6,0,,,,,,"",""
ball,4,27.2,West Indies,S Joseph,JP Greaves,MA Starc,4,0,,,,,,"",""
ball,4,27.3,West Indies,S Joseph,JP Greaves,MA Starc,4,0,,,,,,"",""
ball,4,27.4,West Indies,S Joseph,JP Greaves,MA Starc,1,0,,,,,,"",""
ball,4,27.5,West Indies,JP Greaves,S Joseph,MA Starc,0,0,,,,,,"",""
ball,4,27.6,West Indies,JP Greaves,S Joseph,MA Starc,0,0,,,,,,"",""
ball,4,28.1,West Indies,S Joseph,JP Greaves,JR Hazlewood,0,0,,,,,,"",""
ball,4,28.2,West Indies,S Joseph,JP Greaves,JR Hazlewood,0,0,,,,,,"",""
ball,4,28.3,West Indies,S Joseph,JP Greaves,JR Hazlewood,6,0,,,,,,"",""
ball,4,28.4,West Indies,S Joseph,JP Greaves,JR Hazlewood,0,0,,,,,,"",""
ball,4,28.5,West Indies,S Joseph,JP Greaves,JR Hazlewood,1,0,,,,,,"",""
ball,4,28.6,West Indies,JP Greaves,S Joseph,JR Hazlewood,3,0,,,,,,"",""
ball,4,29.1,West Indies,JP Greaves,S Joseph,NM Lyon,0,0,,,,,,"",""
ball,4,29.2,West Indies,JP Greaves,S Joseph,NM Lyon,0,0,,,,,,"",""
ball,4,29.3,West Indies,JP Greaves,S Joseph,NM Lyon,0,0,,,,,,"",""
ball,4,29.4,West Indies,JP Greaves,S Joseph,NM Lyon,0,0,,,,,,"",""
ball,4,29.5,West Indies,JP Greaves,S Joseph,NM Lyon,0,0,,,,,,"",""
ball,4,29.6,West Indies,JP Greaves,S Joseph,NM Lyon,0,0,,,,,,"",""
ball,4,30.1,West Indies,S Joseph,JP Greaves,JR Hazlewood,0,0,,,,,,"",""
ball,4,30.2,West Indies,S Joseph,JP Greaves,JR Hazlewood,0,0,,,,,,"",""
ball,4,30.3,West Indies,S Joseph,JP Greaves,JR Hazlewood,1,0,,,,,,"",""
ball,4,30.4,West Indies,JP Greaves,S Joseph,JR Hazlewood,0,0,,,,,,"",""
ball,4,30.5,West Indies,JP Greaves,S Joseph,JR Hazlewood,0,0,,,,,,"",""
ball,4,30.6,West Indies,JP Greaves,S Joseph,JR Hazlewood,0,0,,,,,,"",""
ball,4,31.1,West Indies,S Joseph,JP Greaves,NM Lyon,0,0,,,,,,"",""
ball,4,31.2,West Indies,S Joseph,JP Greaves,NM Lyon,0,0,,,,,,"",""
ball,4,31.3,West Indies,S Joseph,JP Greaves,NM Lyon,4,0,,,,,,"",""
ball,4,31.4,West Indies,S Joseph,JP Greaves,NM Lyon,6,0,,,,,,"",""
ball,4,31.5,West Indies,S Joseph,JP Greaves,NM Lyon,0,0,,,,,,"",""
ball,4,31.6,West Indies,S Joseph,JP Greaves,NM Lyon,6,0,,,,,,"",""
ball,4,32.1,West Indies,JP Greaves,S Joseph,JR Hazlewood,0,0,,,,,,"",""
ball,4,32.2,West Indies,JP Greaves,S Joseph,JR Hazlewood,0,0,,,,,,"",""
ball,4,32.3,West Indies,JP Greaves,S Joseph,JR Hazlewood,0,0,,,,,,"",""
ball,4,32.4,West Indies,JP Greaves,S Joseph,JR Hazlewood,0,0,,,,,,"",""
ball,4,32.5,West Indies,JP Greaves,S Joseph,JR Hazlewood,0,0,,,,,,"",""
ball,4,32.6,West Indies,JP Greaves,S Joseph,JR Hazlewood,4,0,,,,,,"",""
ball,4,33.1,West Indies,S Joseph,JP Greaves,NM Lyon,4,0,,,,,,"",""
ball,4,33.2,West Indies,S Joseph,JP Greaves,NM Lyon,0,0,,,,,,"",""
ball,4,33.3,West Indies,S Joseph,JP Greaves,NM Lyon,0,0,,,,,,caught,S Joseph
ball,4,33.4,West Indies,JNT Seales,JP Greaves,NM Lyon,0,0,,,,,,caught,JNT Seales
